================================================================================
  LETRASBR - REGISTRO DE MÚSICAS E TRECHOS SEM TRADUÇÃO
  Armazena automaticamente as músicas e versos onde não foi encontrada tradução.
================================================================================

[2026-09-16 22:46:02]
Música:  God-ish
Artista: Ado
Idioma:  PT
Versos sem tradução: 9 de 90 vocais
Trechos:
  • [00:10] "人生のネタバレ「死ぬ」っぽいな"
  • [00:36] "逆に興奮してきたなあ"
  • [00:55] "IQが下がっていく感じ"
  • [01:38] "権力に飲まれて揺らぐ灯り"
  • [01:41] "神を否定し神に成り代わり"
  • [01:43] "玉座で豹変ひょうへんする小物達"
  • [01:46] "批判に見せかけ自戒じかいの祈り"
  • [02:01] "飽きっぽいんだ オーケー"
  • [02:35] "ヤケっぽいな それ "my God""
--------------------------------------------------------------------------------

[2026-09-16 22:59:38]
Música:  God-ish
Artista: Ado
Idioma:  PT
Versos sem tradução: 9 de 90 vocais
Trechos:
  • [00:10] "人生のネタバレ「死ぬ」っぽいな"
  • [00:36] "逆に興奮してきたなあ"
  • [00:55] "IQが下がっていく感じ"
  • [01:36] "無為に生き延びるのは難しい"
  • [01:38] "権力に飲まれて揺らぐ灯り"
  • [01:43] "玉座で豹変ひょうへんする小物達"
  • [01:46] "批判に見せかけ自戒じかいの祈り"
  • [02:01] "飽きっぽいんだ オーケー"
  • [02:35] "ヤケっぽいな それ "my God""
--------------------------------------------------------------------------------

[2026-09-16 23:00:24]
Música:  God-ish
Artista: Ado
Idioma:  PT
Versos sem tradução: 9 de 90 vocais
Trechos:
  • [00:10] "人生のネタバレ「死ぬ」っぽいな"
  • [00:36] "逆に興奮してきたなあ"
  • [00:55] "IQが下がっていく感じ"
  • [01:36] "無為に生き延びるのは難しい"
  • [01:38] "権力に飲まれて揺らぐ灯り"
  • [01:43] "玉座で豹変ひょうへんする小物達"
  • [01:46] "批判に見せかけ自戒じかいの祈り"
  • [02:01] "飽きっぽいんだ オーケー"
  • [02:35] "ヤケっぽいな それ "my God""
--------------------------------------------------------------------------------

[2026-09-16 23:01:58]
Música:  God-ish
Artista: Ado
Idioma:  PT
Versos sem tradução: 9 de 90 vocais
Trechos:
  • [00:10] "人生のネタバレ「死ぬ」っぽいな"
  • [00:36] "逆に興奮してきたなあ"
  • [00:55] "IQが下がっていく感じ"
  • [01:36] "無為に生き延びるのは難しい"
  • [01:38] "権力に飲まれて揺らぐ灯り"
  • [01:43] "玉座で豹変ひょうへんする小物達"
  • [01:46] "批判に見せかけ自戒じかいの祈り"
  • [02:01] "飽きっぽいんだ オーケー"
  • [02:35] "ヤケっぽいな それ "my God""
--------------------------------------------------------------------------------

[2026-09-16 23:16:27]
Música:  God-ish
Artista: Ado
Idioma:  PT
Versos sem tradução: 9 de 90 vocais
Trechos:
  • [00:10] "人生のネタバレ「死ぬ」っぽいな"
  • [00:36] "逆に興奮してきたなあ"
  • [00:55] "IQが下がっていく感じ"
  • [01:36] "無為に生き延びるのは難しい"
  • [01:38] "権力に飲まれて揺らぐ灯り"
  • [01:43] "玉座で豹変ひょうへんする小物達"
  • [01:46] "批判に見せかけ自戒じかいの祈り"
  • [02:01] "飽きっぽいんだ オーケー"
  • [02:35] "ヤケっぽいな それ "my God""
--------------------------------------------------------------------------------

[2026-09-16 23:19:52]
Música:  God-ish
Artista: Ado
Idioma:  PT
Versos sem tradução: 9 de 90 vocais
Trechos:
  • [00:06] ""Oh my God""
  • [00:36] "逆に興奮してきたなあ"
  • [00:55] "IQが下がっていく感じ"
  • [01:34] "人を小馬鹿にしたような作為"
  • [01:41] "神を否定し神に成り代わり"
  • [01:43] "玉座で豹変ひょうへんする小物達"
  • [01:46] "批判に見せかけ自戒じかいの祈り"
  • [02:01] "飽きっぽいんだ オーケー"
  • [02:34] "ヤケっぽいな それ 畢竟ひっきょう"
--------------------------------------------------------------------------------

[2026-09-17 12:17:50]
Música:  Given Up
Artista: Linkin Park
Idioma:  PT
Versos sem tradução: 3 de 37 vocais
Trechos:
  • [01:00] "I'm suffocating"
  • [01:46] "I'm suffocating"
  • [02:58] "I'm suffocating"
--------------------------------------------------------------------------------

[2026-09-17 13:42:08]
Música:  Heart-Shaped Box
Artista: Nirvana
Idioma:  PT
Versos sem tradução: 9 de 53 vocais
Trechos:
  • [00:48] "Hey"
  • [00:58] "Hey"
  • [01:08] "Hey"
  • [02:06] "Hey"
  • [02:15] "Hey"
  • [02:25] "Hey"
  • [03:41] "Hey"
  • [03:50] "Hey"
  • [04:00] "Hey"
--------------------------------------------------------------------------------

[2026-09-17 15:07:58]
Música:  Awaken
Artista: Breaking Benjamin
Idioma:  PT
Versos sem tradução: 1 de 36 vocais
Trechos:
  • [00:04] "Burn"
--------------------------------------------------------------------------------

[2026-09-18 20:17:13]
Música:  Bohemian Rhapsody
Artista: Queen
Idioma:  PT
Versos sem tradução: 2 de 50 vocais
Trechos:
  • [03:43] "بِسْمِ ٱللَّٰهِ"
  • [04:55] "Ooh"
--------------------------------------------------------------------------------

[2026-09-18 20:33:29]
Música:  Rise
Artista: Skillet
Idioma:  PT
Versos sem tradução: 1 de 74 vocais
Trechos:
  • [04:15] "(You're worthless!)"
--------------------------------------------------------------------------------

[2026-09-18 20:41:03]
Música:  Overwritten
Artista: natori e Tatsuya Kitani
Idioma:  PT
Versos sem tradução: 47 de 47 vocais
Trechos:
  • [00:10] "あたしじゃ どうにもならなかった (hoo, hoo)"
  • [00:13] "あらすじはこんなんで"
  • [00:15] "続く思考を止める音"
  • [00:17] "頭痛がひどいの とりあえず寝かせてよ"
  • [00:20] "Ah あたし宛ての I hate you"
  • [00:23] "Ah 届かず消える Iと苦痛"
  • [00:25] "繰り返した愛の数だけ"
  • [00:27] "ずっと あたしを見ている"
  • [00:30] "Ah 逆さまになった 裏表"
  • [00:32] "「ずっと愛している」なんて嘘つきの"
  • [00:35] "あたしの愛 上書きしちゃった"
  • [00:38] "それなりの今日を生きるのは"
  • [00:40] "あなたとじゃなくてもいいしさ"
  • [00:43] "「ずっと待っている」なんて無理でしょ"
  • [00:46] "またいつかって期待しちゃった?"
  • [00:48] "ほどいた手は繋げない"
  • [00:50] "謝らなくていいよ"
  • [00:52] "もう全部忘れたから"
  • [01:04] "ねぇどうして?"
  • [01:06] "心のありかに 次の居場所に"
  • [01:10] "やっと今この身を預けはじめたの"
  • [01:13] "もう遅いよ"
  • [01:14] "何を受け入れるのかより"
  • [01:17] "何を拒絶するべきかを"
  • [01:19] "学んで大人になったのに"
  • [01:21] "ちゃんとわかっているのに"
  • [01:24] "あーあ"
  • [01:45] "どんな「愛している」もつまんないくらい"
  • [01:48] "空っぽだって 気づいてしまった"
  • [01:50] "あたしなりの今日が終わる頃"
  • [01:53] "あなたと眠りたい"
  • [01:55] "「ずっと愛しているわ ずっとずっと!」"
  • [01:58] "あなたの愛 上書きしちゃった"
  • [02:00] "それなりの今日を生きるのも"
  • [02:03] "あなたとじゃないとダメだった!"
  • [02:05] "「ずっと待っている」なんて無理なの"
  • [02:08] "またいつかって期待しちゃった!"
  • [02:11] "あまりにも無様な為れの果て"
  • [02:13] "笑ってほしいの あなたにだけ"
  • [02:16] "愛憎次第の今日を置き去って"
  • [02:19] "起承転結の結が始まった"
  • [02:21] "言い間違えた 愛の詩だって"
  • [02:24] "あたしのための言い訳になった"
  • [02:27] "愛憎次第の今日を置き去って"
  • [02:29] "起承転結の結が始まった"
  • [02:32] "言い間違えた 愛の詩だって"
  • [02:34] "あたしのための言い訳になった"
--------------------------------------------------------------------------------

[2026-09-18 20:43:50]
Música:  Up From the Bottom
Artista: Linkin Park
Idioma:  PT
Versos sem tradução: 2 de 49 vocais
Trechos:
  • [02:17] "(Oh)"
  • [02:25] "(Oh)"
--------------------------------------------------------------------------------

[2026-09-18 20:46:51]
Música:  Domestic De Violence
Artista: Ado
Idioma:  PT
Versos sem tradução: 43 de 43 vocais
Trechos:
  • [00:00] "ドメスティックでバイオレンス"
  • [00:19] "ラルラリラ 甘くてってとろける"
  • [00:22] "不思議なメロディ"
  • [00:24] "試された 別にだっだ誰でも"
  • [00:26] "構わないのに"
  • [00:27] "愉快なほどにダレて"
  • [00:31] "あなた私は馬鹿らしい"
  • [00:35] "冷めたナイフでざくざくと 刻む手先は愉快で"
  • [00:40] "甘めの蜜だけを奪い去っていくわ"
  • [00:44] "甘いケーキとポップソングで"
  • [00:46] "刻むリズムでダッダラッダ"
  • [00:48] "いつだって私の特権よ ああ"
  • [00:52] "ドメスティックでバイオレンス"
  • [00:53] "きっかけとかあれとかふんぞり返って"
  • [00:56] "ドラマチックなバイオレンス"
  • [00:58] "いつだって頭ごなし許さないって"
  • [01:00] "諸行無常 自業自得 からの"
  • [01:02] "愛されたいとかないって"
  • [01:04] "だからさ ああ"
  • [01:06] "崩れて弾けろ おお"
  • [01:25] "争いとか語ったって"
  • [01:27] "冷めたキスはからっぽで"
  • [01:29] "枯れた花飾ったって"
  • [01:31] "これ以上必死でどうかどうか"
  • [01:34] "生きている生きていく"
  • [01:38] "手を取ってありのままでいたい！"
  • [01:42] "出されたケーキはそんな甘くはなかった"
  • [01:46] "優れた蜜だけを奪い去ってくわ"
  • [01:50] "ひとつ残らずかっさらっていた"
  • [01:52] "既に手玉でダッダラッダ"
  • [01:54] "いつだって私の特権よ ああ"
  • [01:58] "ドメスティックでバイオレンス"
  • [02:00] "きっかけとかあれとかふんぞり返って"
  • [02:03] "くだらねーことばっかで"
  • [02:04] "いつだって繰り返しの許さないって"
  • [02:07] "諸行無常 右脳左脳 君が"
  • [02:08] "愛されたいとかないって"
  • [02:10] "だからさ ああ"
  • [02:12] "崩れて弾けろ ああ"
  • [02:19] "辞め時を過ぎた後悔も"
  • [02:21] "遅すぎた響く焦燥も"
  • [02:27] "ああ"
  • [02:29] "欲しいの"
--------------------------------------------------------------------------------

[2026-09-18 20:52:34]
Música:  Netsujo No Spectrum
Artista: Ikimonogakari
Idioma:  PT
Versos sem tradução: 47 de 47 vocais
Trechos:
  • [00:00] "鳴りやまぬ 愛をさけぶよ"
  • [00:05] "すべてを抱いて ここにいるんだ"
  • [00:09] "ひかりはそこにあるよ"
  • [00:12] "ゆずれない 想いを架けて"
  • [00:17] "希望の果てを 僕は生きるよ"
  • [00:21] "夢をつないだ 君と"
  • [00:30] "新時代(はじまり)をいつか"
  • [00:31] "僕らの手で生み出すんだよ"
  • [00:36] "優しい君の声も"
  • [00:38] "きっと世界を変えられる"
  • [00:41] "誰もひとりきりじゃ"
  • [00:44] "起ち上がれやしないから"
  • [00:48] "たがいに手を伸ばして"
  • [00:50] "限界(かぎり)を越えた 明日へ"
  • [00:57] "鳴りやまぬ 愛をさけぶよ"
  • [01:02] "ぶつかりあって わかりあうんだ"
  • [01:05] "ひかりをつくりだすよ"
  • [01:09] "あきらめぬ 想いを架けて"
  • [01:14] "希望の果てを 僕は生きるよ"
  • [01:18] "夢をつないだ 君と"
  • [01:27] "あやまちを恐れて"
  • [01:28] "誰かを責めてしまうたび"
  • [01:32] "本当に見つめるべきは"
  • [01:35] "自分だと気づくよ"
  • [01:38] "君が僕を変えた"
  • [01:41] "言葉がこころ動かす"
  • [01:45] "まだ見ぬ革新(あこがれ)を"
  • [01:47] "高鳴る胸に 求めて"
  • [01:54] "捲き起こる 想いの風が"
  • [01:59] "まぶたの奥で 熱く揺れたよ"
  • [02:03] "君は振り返らない"
  • [02:06] "輝いた日々を旅立ち"
  • [02:11] "希望の果てに 踏み出していく"
  • [02:15] "夢をつないだ 君と"
  • [02:31] "悲しみに負けたくないんだよ"
  • [02:34] "怒りに打ち克ちたいんだよ"
  • [02:37] "揺らぐ脆さも"
  • [02:39] "向き合って越えたいんだ"
  • [02:43] "だから僕は君に言うんだ"
  • [02:46] "たとえ誰かが笑おうとも"
  • [02:49] "ともに生きるその声を守り続ける"
  • [02:55] "鳴りやまぬ 愛をさけぶよ"
  • [03:02] "すべてを抱いて ここにいるんだ"
  • [03:06] "ひかりはそこにあるよ"
  • [03:09] "ゆずれない 想いを架けて"
  • [03:14] "希望の果てを 僕は生きるよ"
  • [03:18] "夢をつないだ 君と 君と"
--------------------------------------------------------------------------------

[2026-09-18 21:53:48]
Música:  Netsujo No Spectrum
Artista: Ikimonogakari
Idioma:  PT
Versos sem tradução: 1 de 47 vocais
Trechos:
  • [02:37] "揺らぐ脆さも"
--------------------------------------------------------------------------------

[2026-09-18 21:55:51]
Música:  Netsujo No Spectrum
Artista: Ikimonogakari
Idioma:  EN
Versos sem tradução: 4 de 47 vocais
Trechos:
  • [00:36] "優しい君の声も"
  • [01:27] "あやまちを恐れて"
  • [01:35] "自分だと気づくよ"
  • [02:37] "揺らぐ脆さも"
--------------------------------------------------------------------------------

[2026-09-18 21:58:06]
Música:  Rebellion
Artista: Ado
Idioma:  PT
Versos sem tradução: 1 de 58 vocais
Trechos:
  • [00:10] "Brrrrr"
--------------------------------------------------------------------------------

[2026-09-18 22:14:24]
Música:  怪物
Artista: YOASOBI
Idioma:  PT
Versos sem tradução: 1 de 57 vocais
Trechos:
  • [00:17] "目を覚ます本能のまま"
--------------------------------------------------------------------------------

[2026-09-18 22:37:17]
Música:  Re:ZERO -Starting Life in Another World- SHORTS em português brasileiro - Crunchyroll
Artista: Desconhecido
Idioma:  PT
Versos sem tradução: 38 de 38 vocais
Trechos:
  • [00:20] "I feel my wings have broken in your hands"
  • [00:30] "I feel the words unspoken inside"
  • [00:38] "And they pull you under"
  • [00:41] "And I would give you anything you want, know"
  • [00:48] "You were all I wanted"
  • [00:50] "And all my dreams are falling down"
  • [01:00] "Crawling around"
  • [01:03] "Somebody save me"
  • [01:10] "Let your warm hands break right through and"
  • [01:14] "Save me"
  • [01:20] "I don't care how you do it"
  • [01:24] "Just stay, stay"
  • [01:28] "Come on"
  • [01:31] "I've been waiting for you"
  • [01:45] "I see the world has folded in your heart"
  • [01:55] "I feel the waves crash down inside"
  • [02:02] "And they pulled me under"
  • [02:05] "I would give you anything you want, know"
  • [02:12] "You were all I wanted"
  • [02:15] "And all my dreams have fallen down"
  • [02:25] "Crawling around"
  • [02:28] "Somebody save me"
  • [02:34] "Let your warm hands break right through"
  • [02:38] "Somebody save me"
  • [02:45] "I don't care how you do it"
  • [02:48] "Just stay, stay"
  • [02:53] "Come on"
  • [02:55] "I've been waiting for you"
  • [03:10] "Crawling around"
  • [03:13] "Somebody save me"
  • [03:19] "Let your warm hands break right through"
  • [03:22] "Somebody save me"
  • [03:29] "I don't care how you do it"
  • [03:33] "Just save me"
  • [03:39] "I made this whole world shine for you"
  • [03:43] "Just stay, stay"
  • [03:48] "Come on"
  • [03:50] "I'm still waiting for you"
--------------------------------------------------------------------------------

[2026-09-23 11:33:22]
Música:  Feel Good Inc.
Artista: Gorillaz e De La Soul
Idioma:  EN
Versos sem tradução: 59 de 59 vocais
Trechos:
  • [00:05] "Feel good"
  • [00:07] "Sha-ba, sha-ba, sha-ba-da-ba (feel good)"
  • [00:10] "Sha-ba, sha-ba, sha-ba-da-ba (feel good)"
  • [00:14] "Sha-ba, sha-ba, sha-ba-da-ba (feel good)"
  • [00:17] "Sha-ba, sha-ba, sha-ba-da-ba (feel good)"
  • [00:21] "Sha-ba, sha-ba, sha-ba-da-ba (feel good)"
  • [00:24] "Sha-ba, sha-ba, sha-ba-da-ba (feel good)"
  • [00:27] "(Change, change, change, change) sha-ba, sha-ba, sha-ba-da-ba (feel good)"
  • [00:31] "(Change, change, change, change) sha-ba, sha-ba, sha-ba-da-ba (feel good)"
  • [00:34] "City's breakin' down on a camel's back"
  • [00:38] "They just have to go, 'cause they don't know wack"
  • [00:41] "So all ya fill the streets, it's appealing to see"
  • [00:44] "You won't get undercounted 'cause you're damned and free"
  • [00:48] "You got a new horizon, it's ephemeral style"
  • [00:51] "A melancholy town where we never smile"
  • [00:55] "And all I wanna hear is the message beep"
  • [00:58] "My dreams, they gotta kiss because I don't get sleep, no"
  • [01:05] "Windmill, windmill for the land"
  • [01:08] "Turn forever, hand in hand"
  • [01:12] "Take it all in on your stride"
  • [01:16] "It is ticking, falling down"
  • [01:19] "Love forever, love is free"
  • [01:22] "Let's turn forever, you and me"
  • [01:26] "Windmill, windmill for the land"
  • [01:29] "Is everybody in?"
  • [01:36] "Laughin' gas, these hazmats, fast cats"
  • [01:38] "Linin' 'em up like ass cracks"
  • [01:40] "Play these ponies at the track"
  • [01:42] "It's my chocolate attack"
  • [01:43] "Shit, I'm steppin' in the heart of this here (yeah)"
  • [01:45] "Care Bear repping in harder this year (yeah)"
  • [01:47] "Watch me as I gravitate"
  • [01:50] "Yo, we gon' ghost town this Motown"
  • [01:52] "With yo' sound, you in the blink"
  • [01:54] "Gon' bite the dust, can't fight with us"
  • [01:55] "With yo' sound, you kill the Inc"
  • [01:57] "So don't stop, get it, get it (get it)"
  • [01:59] "Until you're cheddar headed"
  • [02:01] "And watch the way I navigate"
  • [02:05] "Sha-ba, sha-ba, sha-ba-da-ba (feel good)"
  • [02:08] "Sha-ba, sha-ba, sha-ba-da-ba (feel good)"
  • [02:11] "Sha-ba, sha-ba, sha-ba-da-ba (feel good)"
  • [02:15] "Sha-ba, sha-ba, sha-ba-da-ba (feel good)"
  • [02:39] "Windmill, windmill for the land"
  • [02:42] "Turn forever, hand in hand"
  • [02:46] "Take it all in on your stride"
  • [02:49] "It is ticking, falling down"
  • [02:53] "Love forever, love is free"
  • [02:56] "Let's turn forever, you and me"
  • [03:00] "Windmill, windmill for the land"
  • [03:02] "Is everybody in?"
  • [03:10] "Don't stop, get it, get it, peep how your captain's in it (sha-ba, sha-ba, sha-ba-da-ba) (feel good)"
  • [03:13] "Steady, watch me navigate (sha-ba, sha-ba, sha-ba-da-ba) (feel good)"
  • [03:17] "Don't stop, get it, get it, peep how your captain's in it (sha-ba, sha-ba, sha-ba-da-ba) (feel good)"
  • [03:20] "Steady, watch me navigate (sha-ba, sha-ba, sha-ba-da-ba) (feel good)"
  • [03:24] "Sha-ba, sha-ba, sha-ba-da-ba (feel good)"
  • [03:28] "Sha-ba, sha-ba, sha-ba-da-ba (feel good)"
  • [03:31] "Sha-ba, sha-ba, sha-ba-da-ba (feel good)"
  • [03:35] "Sha-ba, sha-ba, sha-ba-da-ba (feel good)"
--------------------------------------------------------------------------------

[2026-09-23 14:15:01]
Música:  Feel Good Inc.
Artista: Gorillaz e De La Soul
Idioma:  EN
Versos sem tradução: 59 de 59 vocais
Trechos:
  • [00:05] "Feel good"
  • [00:07] "Sha-ba, sha-ba, sha-ba-da-ba (feel good)"
  • [00:10] "Sha-ba, sha-ba, sha-ba-da-ba (feel good)"
  • [00:14] "Sha-ba, sha-ba, sha-ba-da-ba (feel good)"
  • [00:17] "Sha-ba, sha-ba, sha-ba-da-ba (feel good)"
  • [00:21] "Sha-ba, sha-ba, sha-ba-da-ba (feel good)"
  • [00:24] "Sha-ba, sha-ba, sha-ba-da-ba (feel good)"
  • [00:27] "(Change, change, change, change) sha-ba, sha-ba, sha-ba-da-ba (feel good)"
  • [00:31] "(Change, change, change, change) sha-ba, sha-ba, sha-ba-da-ba (feel good)"
  • [00:34] "City's breakin' down on a camel's back"
  • [00:38] "They just have to go, 'cause they don't know wack"
  • [00:41] "So all ya fill the streets, it's appealing to see"
  • [00:44] "You won't get undercounted 'cause you're damned and free"
  • [00:48] "You got a new horizon, it's ephemeral style"
  • [00:51] "A melancholy town where we never smile"
  • [00:55] "And all I wanna hear is the message beep"
  • [00:58] "My dreams, they gotta kiss because I don't get sleep, no"
  • [01:05] "Windmill, windmill for the land"
  • [01:08] "Turn forever, hand in hand"
  • [01:12] "Take it all in on your stride"
  • [01:16] "It is ticking, falling down"
  • [01:19] "Love forever, love is free"
  • [01:22] "Let's turn forever, you and me"
  • [01:26] "Windmill, windmill for the land"
  • [01:29] "Is everybody in?"
  • [01:36] "Laughin' gas, these hazmats, fast cats"
  • [01:38] "Linin' 'em up like ass cracks"
  • [01:40] "Play these ponies at the track"
  • [01:42] "It's my chocolate attack"
  • [01:43] "Shit, I'm steppin' in the heart of this here (yeah)"
  • [01:45] "Care Bear repping in harder this year (yeah)"
  • [01:47] "Watch me as I gravitate"
  • [01:50] "Yo, we gon' ghost town this Motown"
  • [01:52] "With yo' sound, you in the blink"
  • [01:54] "Gon' bite the dust, can't fight with us"
  • [01:55] "With yo' sound, you kill the Inc"
  • [01:57] "So don't stop, get it, get it (get it)"
  • [01:59] "Until you're cheddar headed"
  • [02:01] "And watch the way I navigate"
  • [02:05] "Sha-ba, sha-ba, sha-ba-da-ba (feel good)"
  • [02:08] "Sha-ba, sha-ba, sha-ba-da-ba (feel good)"
  • [02:11] "Sha-ba, sha-ba, sha-ba-da-ba (feel good)"
  • [02:15] "Sha-ba, sha-ba, sha-ba-da-ba (feel good)"
  • [02:39] "Windmill, windmill for the land"
  • [02:42] "Turn forever, hand in hand"
  • [02:46] "Take it all in on your stride"
  • [02:49] "It is ticking, falling down"
  • [02:53] "Love forever, love is free"
  • [02:56] "Let's turn forever, you and me"
  • [03:00] "Windmill, windmill for the land"
  • [03:02] "Is everybody in?"
  • [03:10] "Don't stop, get it, get it, peep how your captain's in it (sha-ba, sha-ba, sha-ba-da-ba) (feel good)"
  • [03:13] "Steady, watch me navigate (sha-ba, sha-ba, sha-ba-da-ba) (feel good)"
  • [03:17] "Don't stop, get it, get it, peep how your captain's in it (sha-ba, sha-ba, sha-ba-da-ba) (feel good)"
  • [03:20] "Steady, watch me navigate (sha-ba, sha-ba, sha-ba-da-ba) (feel good)"
  • [03:24] "Sha-ba, sha-ba, sha-ba-da-ba (feel good)"
  • [03:28] "Sha-ba, sha-ba, sha-ba-da-ba (feel good)"
  • [03:31] "Sha-ba, sha-ba, sha-ba-da-ba (feel good)"
  • [03:35] "Sha-ba, sha-ba, sha-ba-da-ba (feel good)"
--------------------------------------------------------------------------------

[2026-09-23 14:16:53]
Música:  Chicago
Artista: Michael Jackson
Idioma:  EN
Versos sem tradução: 77 de 77 vocais
Trechos:
  • [00:03] "Uh, I met her on the way to Chicago"
  • [00:06] "Where she was all alone"
  • [00:09] "And so was I, so I asked her for her name"
  • [00:14] "She smiled and looked at me"
  • [00:17] "I was surprised to see"
  • [00:20] "That a woman like that was really into me"
  • [00:23] "She said she didn't have no man"
  • [00:26] "Raised the kids the very best she can (she was lovin' me)"
  • [00:29] "She told me she was all alone"
  • [00:31] "Sad at home, she didn't have no one (she was wantin' me)"
  • [00:34] "She said just to give her a page"
  • [00:37] "59 was the code she gave (she was lovin' me)"
  • [00:39] "She lied to you, lied to me"
  • [00:42] "'Cause she was lovin' me, lovin' me, yeah"
  • [00:46] "I never would've thought she was living like that"
  • [00:49] "Her words seemed so sincere"
  • [00:53] "When I held her near she would tell me how she feels"
  • [00:58] "It felt so real to me, this girl, she had to be"
  • [01:04] "An angel sent from heaven just for me"
  • [01:07] "She said she didn't have no man"
  • [01:09] "Raised the kids the very best she can (she was lovin' me)"
  • [01:12] "She told me she was all alone"
  • [01:15] "Sad at home, she didn't have no one (she was wantin' me)"
  • [01:18] "She said just to give her a page"
  • [01:21] "59 was the code she gave (wantin' me)"
  • [01:23] "She lied to you, lied to me"
  • [01:25] "'Cause she was lovin' me, lovin' me, yeah (look who's loving me)"
  • [01:29] "She tried to live a double life (she was lovin' me)"
  • [01:31] "Lovin' me while she was still your wife (she was wantin' me)"
  • [01:34] "She thought that lovin' me was cool"
  • [01:37] "While you at work and the kids at school (she was lovin' me)"
  • [01:40] "She said that it would never end"
  • [01:42] "Tried to get me any way she can (she was wantin' me)"
  • [01:44] "She lied to you, lied to me"
  • [01:47] "'Cause she got a family, family, yeah"
  • [01:51] "Whoa, no"
  • [02:00] "Alright"
  • [02:03] "Oh"
  • [02:07] "I'm in love, I'm in love, love"
  • [02:13] "I didn't know she was already spoken for"
  • [02:17] "'Cause I'm not that kind of man"
  • [02:20] "I swear that I would have never looked her way"
  • [02:25] "Now I feel so much shame"
  • [02:28] "And know things have to change"
  • [02:31] "You should know that I'm holding her to blame"
  • [02:34] "She said she didn't have no man"
  • [02:37] "Raised the kids the very best she can (holdin' her to blame)"
  • [02:40] "She told me she was all alone"
  • [02:43] "Sad at home, she didn't have no one (holdin' her to blame)"
  • [02:45] "She said just to give her a page"
  • [02:48] "59 was the code she gave (holdin' her to blame)"
  • [02:50] "She lied to you, lied to me"
  • [02:52] "'Cause she was lovin' me, lovin' me, yeah (holdin' her to blame)"
  • [02:55] "She tried to live a double life"
  • [02:59] "Lovin' me while she was still your wife (holdin' her to blame)"
  • [03:02] "She thought that lovin' me was cool"
  • [03:04] "With you at work and the kids at school (holdin' her to blame)"
  • [03:07] "She said that it would never end"
  • [03:10] "Tried to get me any way she can (holdin' her to blame)"
  • [03:12] "She lied to you, lied to me"
  • [03:14] "'Cause she got a family, family, yeah (secret family just for me)"
  • [03:18] "She said she didn't have no man"
  • [03:20] "Raised the kids the very best she can (she was lovin' me)"
  • [03:23] "She told me she was all alone"
  • [03:26] "Sad at home, she didn't have no one (she was lovin' me)"
  • [03:28] "She said just to give her a page"
  • [03:31] "59 was the code she gave"
  • [03:34] "She lied to you, lied to me"
  • [03:36] "'Cause she was lovin' me, lovin' me, yeah (look who's lovin' me)"
  • [03:40] "She tried to live a double life"
  • [03:42] "Lovin' me while she was still your wife (she was wantin' me)"
  • [03:45] "She thought that lovin' me was cool"
  • [03:47] "While you at work and the kids at school (she was lovin' me)"
  • [03:50] "She said that it would never end"
  • [03:53] "Tried to get me any way she can (she was wantin' me)"
  • [03:56] "She lied to you, lied to me"
  • [03:58] "'Cause she got a family, family, yeah"
--------------------------------------------------------------------------------

[2026-09-23 14:16:54]
Música:  Chicago
Artista: Michael Jackson
Idioma:  EN
Versos sem tradução: 77 de 77 vocais
Trechos:
  • [00:03] "Uh, I met her on the way to Chicago"
  • [00:06] "Where she was all alone"
  • [00:09] "And so was I, so I asked her for her name"
  • [00:14] "She smiled and looked at me"
  • [00:17] "I was surprised to see"
  • [00:20] "That a woman like that was really into me"
  • [00:23] "She said she didn't have no man"
  • [00:26] "Raised the kids the very best she can (she was lovin' me)"
  • [00:29] "She told me she was all alone"
  • [00:31] "Sad at home, she didn't have no one (she was wantin' me)"
  • [00:34] "She said just to give her a page"
  • [00:37] "59 was the code she gave (she was lovin' me)"
  • [00:39] "She lied to you, lied to me"
  • [00:42] "'Cause she was lovin' me, lovin' me, yeah"
  • [00:46] "I never would've thought she was living like that"
  • [00:49] "Her words seemed so sincere"
  • [00:53] "When I held her near she would tell me how she feels"
  • [00:58] "It felt so real to me, this girl, she had to be"
  • [01:04] "An angel sent from heaven just for me"
  • [01:07] "She said she didn't have no man"
  • [01:09] "Raised the kids the very best she can (she was lovin' me)"
  • [01:12] "She told me she was all alone"
  • [01:15] "Sad at home, she didn't have no one (she was wantin' me)"
  • [01:18] "She said just to give her a page"
  • [01:21] "59 was the code she gave (wantin' me)"
  • [01:23] "She lied to you, lied to me"
  • [01:25] "'Cause she was lovin' me, lovin' me, yeah (look who's loving me)"
  • [01:29] "She tried to live a double life (she was lovin' me)"
  • [01:31] "Lovin' me while she was still your wife (she was wantin' me)"
  • [01:34] "She thought that lovin' me was cool"
  • [01:37] "While you at work and the kids at school (she was lovin' me)"
  • [01:40] "She said that it would never end"
  • [01:42] "Tried to get me any way she can (she was wantin' me)"
  • [01:44] "She lied to you, lied to me"
  • [01:47] "'Cause she got a family, family, yeah"
  • [01:51] "Whoa, no"
  • [02:00] "Alright"
  • [02:03] "Oh"
  • [02:07] "I'm in love, I'm in love, love"
  • [02:13] "I didn't know she was already spoken for"
  • [02:17] "'Cause I'm not that kind of man"
  • [02:20] "I swear that I would have never looked her way"
  • [02:25] "Now I feel so much shame"
  • [02:28] "And know things have to change"
  • [02:31] "You should know that I'm holding her to blame"
  • [02:34] "She said she didn't have no man"
  • [02:37] "Raised the kids the very best she can (holdin' her to blame)"
  • [02:40] "She told me she was all alone"
  • [02:43] "Sad at home, she didn't have no one (holdin' her to blame)"
  • [02:45] "She said just to give her a page"
  • [02:48] "59 was the code she gave (holdin' her to blame)"
  • [02:50] "She lied to you, lied to me"
  • [02:52] "'Cause she was lovin' me, lovin' me, yeah (holdin' her to blame)"
  • [02:55] "She tried to live a double life"
  • [02:59] "Lovin' me while she was still your wife (holdin' her to blame)"
  • [03:02] "She thought that lovin' me was cool"
  • [03:04] "With you at work and the kids at school (holdin' her to blame)"
  • [03:07] "She said that it would never end"
  • [03:10] "Tried to get me any way she can (holdin' her to blame)"
  • [03:12] "She lied to you, lied to me"
  • [03:14] "'Cause she got a family, family, yeah (secret family just for me)"
  • [03:18] "She said she didn't have no man"
  • [03:20] "Raised the kids the very best she can (she was lovin' me)"
  • [03:23] "She told me she was all alone"
  • [03:26] "Sad at home, she didn't have no one (she was lovin' me)"
  • [03:28] "She said just to give her a page"
  • [03:31] "59 was the code she gave"
  • [03:34] "She lied to you, lied to me"
  • [03:36] "'Cause she was lovin' me, lovin' me, yeah (look who's lovin' me)"
  • [03:40] "She tried to live a double life"
  • [03:42] "Lovin' me while she was still your wife (she was wantin' me)"
  • [03:45] "She thought that lovin' me was cool"
  • [03:47] "While you at work and the kids at school (she was lovin' me)"
  • [03:50] "She said that it would never end"
  • [03:53] "Tried to get me any way she can (she was wantin' me)"
  • [03:56] "She lied to you, lied to me"
  • [03:58] "'Cause she got a family, family, yeah"
--------------------------------------------------------------------------------

[2026-09-23 14:25:42]
Música:  Them Changes
Artista: Thundercat
Idioma:  EN
Versos sem tradução: 16 de 16 vocais
Trechos:
  • [00:29] "Nobody move, there's blood on the floor"
  • [00:34] "And I can't find my heart"
  • [00:41] "Where did it go? Did I leave it in the cold?"
  • [00:46] "So please give it back, 'cause it's not yours to take"
  • [00:53] "It must've fell when I lost my mind"
  • [00:58] "Deep in the cut, drowning in a pain"
  • [01:04] "Somebody help, 'cause I can't find my way"
  • [01:10] "Nobody move, nobody move"
  • [01:39] "Somebody tell me how I'm supposed to feel"
  • [01:45] "When I'm sitting here knowing this ain't real"
  • [01:51] "Why in the world would I give my heart to you?"
  • [01:57] "Just to watch you throw it in the trash"
  • [02:03] "I've been traveling so long, I don't think I can hold on"
  • [02:09] "Where were you when I needed you the most?"
  • [02:14] "Now I'm sitting here with a black hole in my chest"
  • [02:20] "A heartless, broken mess"
--------------------------------------------------------------------------------

[2026-09-23 14:25:42]
Música:  Them Changes
Artista: Thundercat
Idioma:  EN
Versos sem tradução: 16 de 16 vocais
Trechos:
  • [00:29] "Nobody move, there's blood on the floor"
  • [00:34] "And I can't find my heart"
  • [00:41] "Where did it go? Did I leave it in the cold?"
  • [00:46] "So please give it back, 'cause it's not yours to take"
  • [00:53] "It must've fell when I lost my mind"
  • [00:58] "Deep in the cut, drowning in a pain"
  • [01:04] "Somebody help, 'cause I can't find my way"
  • [01:10] "Nobody move, nobody move"
  • [01:39] "Somebody tell me how I'm supposed to feel"
  • [01:45] "When I'm sitting here knowing this ain't real"
  • [01:51] "Why in the world would I give my heart to you?"
  • [01:57] "Just to watch you throw it in the trash"
  • [02:03] "I've been traveling so long, I don't think I can hold on"
  • [02:09] "Where were you when I needed you the most?"
  • [02:14] "Now I'm sitting here with a black hole in my chest"
  • [02:20] "A heartless, broken mess"
--------------------------------------------------------------------------------

[2026-09-23 14:29:07]
Música:  In Da Club
Artista: 50 Cent
Idioma:  EN
Versos sem tradução: 64 de 64 vocais
Trechos:
  • [00:00] "Go, go, go, go, go, go, go, shawty"
  • [00:06] "It's your birthday"
  • [00:07] "We gon' party like it's your birthday"
  • [00:09] "We gon' sip Bacardi like it's your birthday"
  • [00:12] "And you know we don't give a fuck it's not your birthday"
  • [00:15] "You can find me in the club, bottle full of bub'"
  • [00:16] "Look mami, I got the X if you into takin' drugs"
  • [00:20] "I'm into havin' sex, I ain't into makin' love"
  • [00:22] "So come give me a hug if you into gettin' rubbed"
  • [00:25] "You can find me in the club, bottle full of bub'"
  • [00:28] "Look mami, I got the X if you into takin' drugs"
  • [00:30] "I'm into havin' sex, I ain't into makin' love"
  • [00:33] "So come give me a hug if you into gettin' rubbed"
  • [00:36] "When I pull out up front, you see the Benz on dubs (uh-huh)"
  • [00:39] "When I roll twenty deep, it's twenty nines in the club (yeah)"
  • [00:41] "Niggas heard I fuck with Dre, now they wanna show me love"
  • [00:44] "When you sell like Eminem, and the hoes they wanna fuck (woo)"
  • [00:46] "Look homie, ain't nothin' changed, hoes down, G's up"
  • [00:49] "I see Xzibit in the cut, hey nigga, roll that weed up (roll that)"
  • [00:52] "If you watch how I move, you'll mistake me for a player or pimp"
  • [00:55] "Been hit wit a few shells but I don't walk wit a limp (I'm aight)"
  • [00:58] "In the hood in L.A., they sayin', "50 you hot" (uh-huh)"
  • [01:00] "They like me, I want 'em to love me like they love 'Pac"
  • [01:03] "But holla in New York, them niggas'll tell you I'm loco (yeah)"
  • [01:06] "And the plan is to put the rap game in a chokehold (uh-huh)"
  • [01:08] "I'm fully focused man, my money on my mind"
  • [01:11] "Got a mil' out the deal and I'm still on the grind (woo)"
  • [01:14] "Now shawty said she feelin' my style, she feelin' my flow (uh-huh)"
  • [01:17] "Her girlfriend with her, they bi and they ready to go (okay)"
  • [01:19] "You can find me in the club, bottle full of bub'"
  • [01:21] "Look mami, I got the X if you into takin' drugs"
  • [01:24] "I'm into havin' sex, I ain't into makin' love"
  • [01:27] "So come give me a hug if you into gettin' rubbed"
  • [01:29] "You can find me in the club, bottle full of bub'"
  • [01:32] "Look mami, I got the X if you into takin' drugs"
  • [01:35] "I'm into havin' sex, I ain't into makin' love"
  • [01:37] "So come give me a hug if you into gettin' rubbed"
  • [01:41] "My flow, my show brought me the dough"
  • [01:43] "That bought me all my fancy things"
  • [01:46] "My crib, my cars, my clothes, my jewels"
  • [01:49] "Look, nigga, I done came up and I ain't changed (what, what, yeah)"
  • [01:51] "And you should love it, way more than you hate it"
  • [01:54] "Nigga, you mad? I thought that you'd be happy I made it"
  • [01:56] "I'm that cat by the bar toastin' to the good life"
  • [01:59] "You that faggot ass nigga tryna pull me back, right?"
  • [02:02] "When my joint get to pumpin' in the club it's on"
  • [02:04] "I wink my eye at your bitch, if she smiles, she gone"
  • [02:07] "If the roof on fire, let the motherfucker burn"
  • [02:10] "If you talkin' 'bout money homie, I ain't concerned"
  • [02:12] "I'ma tell you what Banks told me, "Cuz, go 'head switch the style up"
  • [02:15] "If niggas hate, then let 'em hate, then watch the money pile up""
  • [02:18] "Or we can go upside your head with a bottle of bub'"
  • [02:21] "They know where we fuckin' be"
  • [02:22] "You can find me in the club, bottle full of bub'"
  • [02:25] "Look mami, I got the X if you into takin' drugs"
  • [02:28] "I'm into havin' sex, I ain't into makin' love"
  • [02:30] "So come give me a hug if you into gettin' rubbed"
  • [02:33] "You can find me in the club, bottle full of bub'"
  • [02:36] "Look mami, I got the X if you into takin' drugs"
  • [02:38] "I'm into havin' sex, I ain't into makin' love"
  • [02:41] "So come give me a hug if you into gettin' rubbed"
  • [02:46] "Don't try to act like you don't know where we be neither, nigga"
  • [02:48] "We in the club all the time, nigga, it's a problem, pop off, nigga"
  • [02:52] "G-Unit"
--------------------------------------------------------------------------------

[2026-09-23 14:29:07]
Música:  In Da Club
Artista: 50 Cent
Idioma:  EN
Versos sem tradução: 64 de 64 vocais
Trechos:
  • [00:00] "Go, go, go, go, go, go, go, shawty"
  • [00:06] "It's your birthday"
  • [00:07] "We gon' party like it's your birthday"
  • [00:09] "We gon' sip Bacardi like it's your birthday"
  • [00:12] "And you know we don't give a fuck it's not your birthday"
  • [00:15] "You can find me in the club, bottle full of bub'"
  • [00:16] "Look mami, I got the X if you into takin' drugs"
  • [00:20] "I'm into havin' sex, I ain't into makin' love"
  • [00:22] "So come give me a hug if you into gettin' rubbed"
  • [00:25] "You can find me in the club, bottle full of bub'"
  • [00:28] "Look mami, I got the X if you into takin' drugs"
  • [00:30] "I'm into havin' sex, I ain't into makin' love"
  • [00:33] "So come give me a hug if you into gettin' rubbed"
  • [00:36] "When I pull out up front, you see the Benz on dubs (uh-huh)"
  • [00:39] "When I roll twenty deep, it's twenty nines in the club (yeah)"
  • [00:41] "Niggas heard I fuck with Dre, now they wanna show me love"
  • [00:44] "When you sell like Eminem, and the hoes they wanna fuck (woo)"
  • [00:46] "Look homie, ain't nothin' changed, hoes down, G's up"
  • [00:49] "I see Xzibit in the cut, hey nigga, roll that weed up (roll that)"
  • [00:52] "If you watch how I move, you'll mistake me for a player or pimp"
  • [00:55] "Been hit wit a few shells but I don't walk wit a limp (I'm aight)"
  • [00:58] "In the hood in L.A., they sayin', "50 you hot" (uh-huh)"
  • [01:00] "They like me, I want 'em to love me like they love 'Pac"
  • [01:03] "But holla in New York, them niggas'll tell you I'm loco (yeah)"
  • [01:06] "And the plan is to put the rap game in a chokehold (uh-huh)"
  • [01:08] "I'm fully focused man, my money on my mind"
  • [01:11] "Got a mil' out the deal and I'm still on the grind (woo)"
  • [01:14] "Now shawty said she feelin' my style, she feelin' my flow (uh-huh)"
  • [01:17] "Her girlfriend with her, they bi and they ready to go (okay)"
  • [01:19] "You can find me in the club, bottle full of bub'"
  • [01:21] "Look mami, I got the X if you into takin' drugs"
  • [01:24] "I'm into havin' sex, I ain't into makin' love"
  • [01:27] "So come give me a hug if you into gettin' rubbed"
  • [01:29] "You can find me in the club, bottle full of bub'"
  • [01:32] "Look mami, I got the X if you into takin' drugs"
  • [01:35] "I'm into havin' sex, I ain't into makin' love"
  • [01:37] "So come give me a hug if you into gettin' rubbed"
  • [01:41] "My flow, my show brought me the dough"
  • [01:43] "That bought me all my fancy things"
  • [01:46] "My crib, my cars, my clothes, my jewels"
  • [01:49] "Look, nigga, I done came up and I ain't changed (what, what, yeah)"
  • [01:51] "And you should love it, way more than you hate it"
  • [01:54] "Nigga, you mad? I thought that you'd be happy I made it"
  • [01:56] "I'm that cat by the bar toastin' to the good life"
  • [01:59] "You that faggot ass nigga tryna pull me back, right?"
  • [02:02] "When my joint get to pumpin' in the club it's on"
  • [02:04] "I wink my eye at your bitch, if she smiles, she gone"
  • [02:07] "If the roof on fire, let the motherfucker burn"
  • [02:10] "If you talkin' 'bout money homie, I ain't concerned"
  • [02:12] "I'ma tell you what Banks told me, "Cuz, go 'head switch the style up"
  • [02:15] "If niggas hate, then let 'em hate, then watch the money pile up""
  • [02:18] "Or we can go upside your head with a bottle of bub'"
  • [02:21] "They know where we fuckin' be"
  • [02:22] "You can find me in the club, bottle full of bub'"
  • [02:25] "Look mami, I got the X if you into takin' drugs"
  • [02:28] "I'm into havin' sex, I ain't into makin' love"
  • [02:30] "So come give me a hug if you into gettin' rubbed"
  • [02:33] "You can find me in the club, bottle full of bub'"
  • [02:36] "Look mami, I got the X if you into takin' drugs"
  • [02:38] "I'm into havin' sex, I ain't into makin' love"
  • [02:41] "So come give me a hug if you into gettin' rubbed"
  • [02:46] "Don't try to act like you don't know where we be neither, nigga"
  • [02:48] "We in the club all the time, nigga, it's a problem, pop off, nigga"
  • [02:52] "G-Unit"
--------------------------------------------------------------------------------

[2026-09-23 15:25:08]
Música:  Family Affair
Artista: Mary J. Blige
Idioma:  EN
Versos sem tradução: 87 de 87 vocais
Trechos:
  • [00:21] "Let's get it crunk up on"
  • [00:23] "Have fun up on up in this dancery"
  • [00:26] "We got ya'll open, now ya floatin'"
  • [00:29] "So you gots to dance for me"
  • [00:31] "Don't need no hateration, holleration"
  • [00:34] "In this dancery"
  • [00:36] "Let's get it perculatin' while you're waitin'"
  • [00:40] "So just dance for me"
  • [00:41] "Come on, everybody get on up"
  • [00:44] "'Cause you know we got to get it crunk"
  • [00:46] "Mary J. is in the spot tonight"
  • [00:48] "And I'ma make you feel alright (make you feel alright)"
  • [00:52] "Come on, baby, just party with me"
  • [00:54] "Let loose and set your body free (oh)"
  • [00:57] "Leave your situations at the door"
  • [00:59] "So when you step inside, jump on the floor"
  • [01:02] "Let's get it crunk up on (let's get it crunk up on)"
  • [01:04] "Have fun up on up in this dancery"
  • [01:07] "We got ya'll open, now ya floatin'"
  • [01:10] "So you gots to dance for me"
  • [01:12] "Don't need no hateration, holleration (holler, holler)"
  • [01:16] "In this dancery (holler)"
  • [01:17] "Let's get it perculatin' while you're waitin'"
  • [01:21] "So just dance for me"
  • [01:22] "Ooh, it's only gonna be about a matter of time"
  • [01:25] "Before you get loose and start to lose your mind"
  • [01:27] "Cop you a drink, go ahead and rock your ice"
  • [01:30] "'Cause we're celebratin' no more drama in our life"
  • [01:32] "With a Dre track pumpin', everybody's jumpin'"
  • [01:35] "Go ahead and twist your back and get your body bumpin'"
  • [01:38] "I told you leave your situations at the door"
  • [01:40] "So grab somebody and get your ass on the dance floor"
  • [01:43] "Let's get it crunk up on"
  • [01:45] "Have fun up on up in this dancery"
  • [01:49] "We got ya'll open, now ya floatin'"
  • [01:51] "So you gots to dance for me"
  • [01:54] "Don't need no hateration, holleration"
  • [01:57] "In this dancery"
  • [01:59] "Let's get it perculatin' while you're waitin'"
  • [02:02] "So just dance for me"
  • [02:04] "We don't need no haters (y'all, we don't need, no)"
  • [02:08] "We're just tryin' to love one another (love)"
  • [02:13] "We just want y'all have a good time (mm)"
  • [02:16] "No more drama in your life (mm, no)"
  • [02:19] "Work real hard to make a dime"
  • [02:21] "If you got beef, your problem, not mine"
  • [02:24] "Leave all that BS outside"
  • [02:26] "We're gonna celebrate all night (all night)"
  • [02:29] "Let's have fun tonight, no fights"
  • [02:32] "Turn the Dre track way up high (turn it up, turn it up)"
  • [02:34] "Makin' you dance all night and I (all night long)"
  • [02:37] "Got some real heat for ya this time (real heat, boy)"
  • [02:39] "Doesn't matter if you're white or black (doesn't matter, doesn't matter)"
  • [02:42] "Let's get crunk 'cause Mary's back"
  • [02:45] "Let's get it crunk up on (let's get crunked up on)"
  • [02:47] "Have fun up on up in this dancery (in this dancery)"
  • [02:51] "We got ya'll open, now ya floatin'"
  • [02:53] "So you gots to dance for me (so you gotta dance for me)"
  • [02:56] "Don't need no hateration, holleration (dance for me)"
  • [02:59] "In this dancery (dance for me)"
  • [03:01] "Let's get it perculatin' while you're waitin' (let's get it, let's get it)"
  • [03:04] "So just dance for me"
  • [03:06] "Let's get it crunk up on (dance for me)"
  • [03:08] "Have fun up on up in this dancery (let's get crunk up on)"
  • [03:11] "We got ya'll open, now ya floatin' (all I want y'all to do)"
  • [03:14] "So you gots to dance for me (is just dance, just dance)"
  • [03:16] "Don't need no hateration, holleration (come on, come on)"
  • [03:20] "In this dancery (come on)"
  • [03:22] "Let's get it perculatin' while you're waitin'"
  • [03:25] "So just dance for me"
  • [03:27] "Let's get it crunk up on"
  • [03:29] "Have fun up on up in this dancery (oh, yeah)"
  • [03:32] "We got ya'll open, now ya floatin'"
  • [03:35] "So you gots to dance for me (you gotta dance for me)"
  • [03:37] "Don't need no hateration, holleration (just dance for me)"
  • [03:41] "In this dancery (just dance for me)"
  • [03:42] "Let's get it perculatin' while you're waitin' (dance for me, dance for me)"
  • [03:46] "So just dance for me (dance for me, yeah)"
  • [03:47] "Let's get it crunk up on (dance for me)"
  • [03:49] "Have fun up on up in this dancery (come on y'all, dance)"
  • [03:53] "We got ya'll open, now ya floatin' (dance, dance, dance, oh)"
  • [03:55] "So you gots to dance for me"
  • [03:58] "Don't need no hateration, holleration (we don't need no hater)"
  • [04:01] "In this dancery (we just want y'all to haller)"
  • [04:03] "Let's get it perculatin' while you're waitin' (haller with your hand)"
  • [04:05] "(Get it perculatin')"
  • [04:06] "So just dance for me (yeah)"
--------------------------------------------------------------------------------

[2026-09-23 15:25:08]
Música:  Family Affair
Artista: Mary J. Blige
Idioma:  EN
Versos sem tradução: 87 de 87 vocais
Trechos:
  • [00:21] "Let's get it crunk up on"
  • [00:23] "Have fun up on up in this dancery"
  • [00:26] "We got ya'll open, now ya floatin'"
  • [00:29] "So you gots to dance for me"
  • [00:31] "Don't need no hateration, holleration"
  • [00:34] "In this dancery"
  • [00:36] "Let's get it perculatin' while you're waitin'"
  • [00:40] "So just dance for me"
  • [00:41] "Come on, everybody get on up"
  • [00:44] "'Cause you know we got to get it crunk"
  • [00:46] "Mary J. is in the spot tonight"
  • [00:48] "And I'ma make you feel alright (make you feel alright)"
  • [00:52] "Come on, baby, just party with me"
  • [00:54] "Let loose and set your body free (oh)"
  • [00:57] "Leave your situations at the door"
  • [00:59] "So when you step inside, jump on the floor"
  • [01:02] "Let's get it crunk up on (let's get it crunk up on)"
  • [01:04] "Have fun up on up in this dancery"
  • [01:07] "We got ya'll open, now ya floatin'"
  • [01:10] "So you gots to dance for me"
  • [01:12] "Don't need no hateration, holleration (holler, holler)"
  • [01:16] "In this dancery (holler)"
  • [01:17] "Let's get it perculatin' while you're waitin'"
  • [01:21] "So just dance for me"
  • [01:22] "Ooh, it's only gonna be about a matter of time"
  • [01:25] "Before you get loose and start to lose your mind"
  • [01:27] "Cop you a drink, go ahead and rock your ice"
  • [01:30] "'Cause we're celebratin' no more drama in our life"
  • [01:32] "With a Dre track pumpin', everybody's jumpin'"
  • [01:35] "Go ahead and twist your back and get your body bumpin'"
  • [01:38] "I told you leave your situations at the door"
  • [01:40] "So grab somebody and get your ass on the dance floor"
  • [01:43] "Let's get it crunk up on"
  • [01:45] "Have fun up on up in this dancery"
  • [01:49] "We got ya'll open, now ya floatin'"
  • [01:51] "So you gots to dance for me"
  • [01:54] "Don't need no hateration, holleration"
  • [01:57] "In this dancery"
  • [01:59] "Let's get it perculatin' while you're waitin'"
  • [02:02] "So just dance for me"
  • [02:04] "We don't need no haters (y'all, we don't need, no)"
  • [02:08] "We're just tryin' to love one another (love)"
  • [02:13] "We just want y'all have a good time (mm)"
  • [02:16] "No more drama in your life (mm, no)"
  • [02:19] "Work real hard to make a dime"
  • [02:21] "If you got beef, your problem, not mine"
  • [02:24] "Leave all that BS outside"
  • [02:26] "We're gonna celebrate all night (all night)"
  • [02:29] "Let's have fun tonight, no fights"
  • [02:32] "Turn the Dre track way up high (turn it up, turn it up)"
  • [02:34] "Makin' you dance all night and I (all night long)"
  • [02:37] "Got some real heat for ya this time (real heat, boy)"
  • [02:39] "Doesn't matter if you're white or black (doesn't matter, doesn't matter)"
  • [02:42] "Let's get crunk 'cause Mary's back"
  • [02:45] "Let's get it crunk up on (let's get crunked up on)"
  • [02:47] "Have fun up on up in this dancery (in this dancery)"
  • [02:51] "We got ya'll open, now ya floatin'"
  • [02:53] "So you gots to dance for me (so you gotta dance for me)"
  • [02:56] "Don't need no hateration, holleration (dance for me)"
  • [02:59] "In this dancery (dance for me)"
  • [03:01] "Let's get it perculatin' while you're waitin' (let's get it, let's get it)"
  • [03:04] "So just dance for me"
  • [03:06] "Let's get it crunk up on (dance for me)"
  • [03:08] "Have fun up on up in this dancery (let's get crunk up on)"
  • [03:11] "We got ya'll open, now ya floatin' (all I want y'all to do)"
  • [03:14] "So you gots to dance for me (is just dance, just dance)"
  • [03:16] "Don't need no hateration, holleration (come on, come on)"
  • [03:20] "In this dancery (come on)"
  • [03:22] "Let's get it perculatin' while you're waitin'"
  • [03:25] "So just dance for me"
  • [03:27] "Let's get it crunk up on"
  • [03:29] "Have fun up on up in this dancery (oh, yeah)"
  • [03:32] "We got ya'll open, now ya floatin'"
  • [03:35] "So you gots to dance for me (you gotta dance for me)"
  • [03:37] "Don't need no hateration, holleration (just dance for me)"
  • [03:41] "In this dancery (just dance for me)"
  • [03:42] "Let's get it perculatin' while you're waitin' (dance for me, dance for me)"
  • [03:46] "So just dance for me (dance for me, yeah)"
  • [03:47] "Let's get it crunk up on (dance for me)"
  • [03:49] "Have fun up on up in this dancery (come on y'all, dance)"
  • [03:53] "We got ya'll open, now ya floatin' (dance, dance, dance, oh)"
  • [03:55] "So you gots to dance for me"
  • [03:58] "Don't need no hateration, holleration (we don't need no hater)"
  • [04:01] "In this dancery (we just want y'all to haller)"
  • [04:03] "Let's get it perculatin' while you're waitin' (haller with your hand)"
  • [04:05] "(Get it perculatin')"
  • [04:06] "So just dance for me (yeah)"
--------------------------------------------------------------------------------

[2026-09-23 15:46:26]
Música:  Crazy In Love
Artista: Beyoncé
Idioma:  EN
Versos sem tradução: 96 de 96 vocais
Trechos:
  • [00:01] "Yes (woo, ow)"
  • [00:03] "So crazy right now"
  • [00:05] "Most incredibly"
  • [00:07] "It's your girl, B (yes, woo)"
  • [00:10] "It's your boy, Young"
  • [00:13] "You ready?"
  • [00:15] "Uh-oh, uh-oh, uh-oh, oh no, no (ow)"
  • [00:17] "Uh-oh, uh-oh, uh-oh, oh no, no"
  • [00:19] "Uh-oh, uh-oh, uh-oh, oh no, no"
  • [00:22] "Uh-oh, uh-oh, uh-oh, oh no, no"
  • [00:24] "Ch-yeah"
  • [00:25] "History in the making"
  • [00:27] "Part two"
  • [00:28] "It's so crazy right now"
  • [00:29] "I look and stare so deep in your eyes"
  • [00:31] "I touch on you more and more every time"
  • [00:34] "When you leave, I'm beggin' you not to go"
  • [00:36] "Call your name two, three times in a row"
  • [00:39] "Such a funny thing for me to try to explain"
  • [00:41] "How I'm feelin', and my pride is the one to blame (yeah, yeah)"
  • [00:44] "'Cause I know I don't understand"
  • [00:46] "Just how your love can do what no one else can"
  • [00:48] "Got me looking so crazy right now"
  • [00:50] "Your love's got me looking so crazy right now (your love)"
  • [00:53] "Got me looking so crazy right now"
  • [00:55] "Your touch got me looking so crazy right now (your touch)"
  • [00:58] "Got me hoping you'll page me right now"
  • [01:00] "Your kiss got me hoping you'll save me right now"
  • [01:03] "Looking so crazy, your love's got me looking"
  • [01:05] "Got me looking so crazy in love"
  • [01:08] "Uh-oh, uh-oh, uh-oh, oh no, no"
  • [01:10] "Uh-oh, uh-oh, uh-oh, oh no, no"
  • [01:13] "Uh-oh, uh-oh, uh-oh, oh no, no"
  • [01:15] "Uh-oh, uh-oh, uh-oh, oh no, no"
  • [01:18] "When I talk to my friends so quietly"
  • [01:20] "("Who he think he is?") look at what you did to me"
  • [01:22] "Tennis shoes, don't even need to buy a new dress"
  • [01:25] "If you ain't there, ain't nobody else to impress"
  • [01:27] "It's the way that you know what I thought I knew"
  • [01:30] "It's the beat that my heart skips when I'm with you"
  • [01:33] "But I still don't understand"
  • [01:34] "Just how your love can do what no one else can"
  • [01:37] "Got me looking so crazy right now"
  • [01:39] "Your love's got me looking so crazy right now (so crazy, your love)"
  • [01:42] "Got me looking so crazy right now (your love)"
  • [01:44] "Your touch got me looking so crazy right now (oh, your touch)"
  • [01:46] "Got me hoping you'll page me right now (yeah)"
  • [01:48] "Your kiss got me hoping you'll save me right now (hey)"
  • [01:51] "Looking so crazy, your love's got me looking (ch-yeah)"
  • [01:53] "Got me looking so crazy in love (ch-yeah)"
  • [01:56] "I'm looking so crazy, your love's got me looking (woo)"
  • [01:58] "Got me looking so crazy in love (I'm warmed up now, let's go)"
  • [02:01] "Young Hov, y'all know when the flow is loco (no, no)"
  • [02:03] "Young B and the R-O-C, uh-oh (oh, no)"
  • [02:06] "OG Big Homie, the one and only (no, no)"
  • [02:08] "Stick bony, but the pockets is fat like Tony Soprano (no, no, no)"
  • [02:11] "The ROC handle like Van Exel"
  • [02:13] "I shake phonies, man, you can't get next to"
  • [02:15] "The genuine article, I do not sing, though"
  • [02:18] "I sling, though, if anything, I bling, yo"
  • [02:20] "Star like Ringo, war like a Green Beret (oh)"
  • [02:23] "You crazy? Bring your whole set (oh)"
  • [02:25] "JAY-Z in the Range, crazy and deranged"
  • [02:27] "They can't figure him out, they like, "Hey, is he insane?""
  • [02:30] "Yes, sir, I'm cut from a different cloth"
  • [02:32] "My texture is the best fur, chinchilla"
  • [02:35] "I've been iller than chain smokers"
  • [02:36] "How you think I got the name Hova?"
  • [02:38] "I been realer, the game's over"
  • [02:40] "Fall back, Young"
  • [02:41] "Ever since I made the change over to platinum"
  • [02:43] "The game's been a wrap, one"
  • [02:44] "Got me looking so crazy, my baby"
  • [02:49] "I'm not myself lately, I'm foolish, I don't do this"
  • [02:53] "I've been playing myself, baby, I don't care"
  • [02:58] "'Cause your love's got the best of me"
  • [03:00] "And, baby, you're making a fool of me"
  • [03:03] "You got me sprung and I don't care who sees"
  • [03:05] "'Cause baby, you got me, you got me"
  • [03:07] "You got me so crazy, baby (hey)"
  • [03:09] "Got me looking so crazy right now (your love)"
  • [03:10] "Your love's got me looking so crazy right now (looking crazy)"
  • [03:14] "Got me looking so crazy right now"
  • [03:15] "Your touch got me looking so crazy right now (baby, your touch)"
  • [03:18] "Got me hoping you'll page me right now (yeah, babe)"
  • [03:20] "Your kiss got me hoping you'll save me right now (oh)"
  • [03:23] "Looking so crazy, your love's got me looking (yeah)"
  • [03:25] "Got me looking so crazy in love (woah)"
  • [03:28] "Got me looking so crazy right now"
  • [03:30] "Your love's got me looking so crazy right now (your love)"
  • [03:33] "Got me looking so crazy right now"
  • [03:35] "Your touch got me looking so crazy right now (your touch)"
  • [03:38] "Got me hoping you'll page me right now"
  • [03:40] "Your kiss got me hoping you'll save me right now"
  • [03:42] "Looking so crazy, your love's got me looking"
  • [03:44] "Got me looking so crazy in love"
--------------------------------------------------------------------------------

[2026-09-23 15:46:26]
Música:  Crazy In Love
Artista: Beyoncé
Idioma:  EN
Versos sem tradução: 96 de 96 vocais
Trechos:
  • [00:01] "Yes (woo, ow)"
  • [00:03] "So crazy right now"
  • [00:05] "Most incredibly"
  • [00:07] "It's your girl, B (yes, woo)"
  • [00:10] "It's your boy, Young"
  • [00:13] "You ready?"
  • [00:15] "Uh-oh, uh-oh, uh-oh, oh no, no (ow)"
  • [00:17] "Uh-oh, uh-oh, uh-oh, oh no, no"
  • [00:19] "Uh-oh, uh-oh, uh-oh, oh no, no"
  • [00:22] "Uh-oh, uh-oh, uh-oh, oh no, no"
  • [00:24] "Ch-yeah"
  • [00:25] "History in the making"
  • [00:27] "Part two"
  • [00:28] "It's so crazy right now"
  • [00:29] "I look and stare so deep in your eyes"
  • [00:31] "I touch on you more and more every time"
  • [00:34] "When you leave, I'm beggin' you not to go"
  • [00:36] "Call your name two, three times in a row"
  • [00:39] "Such a funny thing for me to try to explain"
  • [00:41] "How I'm feelin', and my pride is the one to blame (yeah, yeah)"
  • [00:44] "'Cause I know I don't understand"
  • [00:46] "Just how your love can do what no one else can"
  • [00:48] "Got me looking so crazy right now"
  • [00:50] "Your love's got me looking so crazy right now (your love)"
  • [00:53] "Got me looking so crazy right now"
  • [00:55] "Your touch got me looking so crazy right now (your touch)"
  • [00:58] "Got me hoping you'll page me right now"
  • [01:00] "Your kiss got me hoping you'll save me right now"
  • [01:03] "Looking so crazy, your love's got me looking"
  • [01:05] "Got me looking so crazy in love"
  • [01:08] "Uh-oh, uh-oh, uh-oh, oh no, no"
  • [01:10] "Uh-oh, uh-oh, uh-oh, oh no, no"
  • [01:13] "Uh-oh, uh-oh, uh-oh, oh no, no"
  • [01:15] "Uh-oh, uh-oh, uh-oh, oh no, no"
  • [01:18] "When I talk to my friends so quietly"
  • [01:20] "("Who he think he is?") look at what you did to me"
  • [01:22] "Tennis shoes, don't even need to buy a new dress"
  • [01:25] "If you ain't there, ain't nobody else to impress"
  • [01:27] "It's the way that you know what I thought I knew"
  • [01:30] "It's the beat that my heart skips when I'm with you"
  • [01:33] "But I still don't understand"
  • [01:34] "Just how your love can do what no one else can"
  • [01:37] "Got me looking so crazy right now"
  • [01:39] "Your love's got me looking so crazy right now (so crazy, your love)"
  • [01:42] "Got me looking so crazy right now (your love)"
  • [01:44] "Your touch got me looking so crazy right now (oh, your touch)"
  • [01:46] "Got me hoping you'll page me right now (yeah)"
  • [01:48] "Your kiss got me hoping you'll save me right now (hey)"
  • [01:51] "Looking so crazy, your love's got me looking (ch-yeah)"
  • [01:53] "Got me looking so crazy in love (ch-yeah)"
  • [01:56] "I'm looking so crazy, your love's got me looking (woo)"
  • [01:58] "Got me looking so crazy in love (I'm warmed up now, let's go)"
  • [02:01] "Young Hov, y'all know when the flow is loco (no, no)"
  • [02:03] "Young B and the R-O-C, uh-oh (oh, no)"
  • [02:06] "OG Big Homie, the one and only (no, no)"
  • [02:08] "Stick bony, but the pockets is fat like Tony Soprano (no, no, no)"
  • [02:11] "The ROC handle like Van Exel"
  • [02:13] "I shake phonies, man, you can't get next to"
  • [02:15] "The genuine article, I do not sing, though"
  • [02:18] "I sling, though, if anything, I bling, yo"
  • [02:20] "Star like Ringo, war like a Green Beret (oh)"
  • [02:23] "You crazy? Bring your whole set (oh)"
  • [02:25] "JAY-Z in the Range, crazy and deranged"
  • [02:27] "They can't figure him out, they like, "Hey, is he insane?""
  • [02:30] "Yes, sir, I'm cut from a different cloth"
  • [02:32] "My texture is the best fur, chinchilla"
  • [02:35] "I've been iller than chain smokers"
  • [02:36] "How you think I got the name Hova?"
  • [02:38] "I been realer, the game's over"
  • [02:40] "Fall back, Young"
  • [02:41] "Ever since I made the change over to platinum"
  • [02:43] "The game's been a wrap, one"
  • [02:44] "Got me looking so crazy, my baby"
  • [02:49] "I'm not myself lately, I'm foolish, I don't do this"
  • [02:53] "I've been playing myself, baby, I don't care"
  • [02:58] "'Cause your love's got the best of me"
  • [03:00] "And, baby, you're making a fool of me"
  • [03:03] "You got me sprung and I don't care who sees"
  • [03:05] "'Cause baby, you got me, you got me"
  • [03:07] "You got me so crazy, baby (hey)"
  • [03:09] "Got me looking so crazy right now (your love)"
  • [03:10] "Your love's got me looking so crazy right now (looking crazy)"
  • [03:14] "Got me looking so crazy right now"
  • [03:15] "Your touch got me looking so crazy right now (baby, your touch)"
  • [03:18] "Got me hoping you'll page me right now (yeah, babe)"
  • [03:20] "Your kiss got me hoping you'll save me right now (oh)"
  • [03:23] "Looking so crazy, your love's got me looking (yeah)"
  • [03:25] "Got me looking so crazy in love (woah)"
  • [03:28] "Got me looking so crazy right now"
  • [03:30] "Your love's got me looking so crazy right now (your love)"
  • [03:33] "Got me looking so crazy right now"
  • [03:35] "Your touch got me looking so crazy right now (your touch)"
  • [03:38] "Got me hoping you'll page me right now"
  • [03:40] "Your kiss got me hoping you'll save me right now"
  • [03:42] "Looking so crazy, your love's got me looking"
  • [03:44] "Got me looking so crazy in love"
--------------------------------------------------------------------------------

[2026-09-23 15:47:06]
Música:  Pursuing My True Self
Artista: Shihoko Hirata
Idioma:  EN
Versos sem tradução: 18 de 18 vocais
Trechos:
  • [00:08] "We are living our lives"
  • [00:15] "Abound with so much information"
  • [00:24] "Come on, let go of the remote"
  • [00:26] "Don't you know you're letting all the junk flood in?"
  • [00:28] "I try to stop the flow, double-clicking on the go"
  • [00:30] "But it's no use, hey, I'm being consumed"
  • [00:32] "Loading, loading, loading"
  • [00:34] "Quickly reaching maximum capacity"
  • [00:36] "Warning, warning, warning"
  • [00:38] "Gonna short-circuit my identity (ah)"
  • [00:41] "Get up on your feet, tear down the walls"
  • [00:44] "Catch a glimpse of the hollow world"
  • [00:49] "Snooping around now will get you nowhere"
  • [00:52] "You're locked up in your mind"
  • [00:57] "We're all trapped in a maze of relationships"
  • [01:01] "Life goes on with or without you"
  • [01:05] "I swim in the sea of the unconscious"
  • [01:09] "I search for your heart, pursuing my true self"
--------------------------------------------------------------------------------

[2026-09-23 15:47:07]
Música:  Pursuing My True Self
Artista: Shihoko Hirata
Idioma:  EN
Versos sem tradução: 18 de 18 vocais
Trechos:
  • [00:08] "We are living our lives"
  • [00:15] "Abound with so much information"
  • [00:24] "Come on, let go of the remote"
  • [00:26] "Don't you know you're letting all the junk flood in?"
  • [00:28] "I try to stop the flow, double-clicking on the go"
  • [00:30] "But it's no use, hey, I'm being consumed"
  • [00:32] "Loading, loading, loading"
  • [00:34] "Quickly reaching maximum capacity"
  • [00:36] "Warning, warning, warning"
  • [00:38] "Gonna short-circuit my identity (ah)"
  • [00:41] "Get up on your feet, tear down the walls"
  • [00:44] "Catch a glimpse of the hollow world"
  • [00:49] "Snooping around now will get you nowhere"
  • [00:52] "You're locked up in your mind"
  • [00:57] "We're all trapped in a maze of relationships"
  • [01:01] "Life goes on with or without you"
  • [01:05] "I swim in the sea of the unconscious"
  • [01:09] "I search for your heart, pursuing my true self"
--------------------------------------------------------------------------------

[2026-09-23 15:48:33]
Música:  One More Hour
Artista: Tame Impala
Idioma:  EN
Versos sem tradução: 61 de 61 vocais
Trechos:
  • [00:02] "Just a moment"
  • [00:06] "Right before all the song and dance"
  • [00:15] "Wasn't brave enough to tell you"
  • [00:20] "But there ain't gonna be another chance"
  • [00:27] "It's not long until"
  • [00:32] "All that I have"
  • [00:34] "And everything's still"
  • [00:41] "The minutes are racin'"
  • [00:48] "Whatever I've done"
  • [00:53] "I did it for love"
  • [00:57] "I did it for fun"
  • [01:02] "Couldn't get enough"
  • [01:07] "I did it for fame"
  • [01:12] "But never for money"
  • [01:17] "Not for houses"
  • [01:22] "Not for her"
  • [01:25] "Not for my future children"
  • [01:33] "Until now"
  • [01:50] "How could I love again?"
  • [01:54] "How could I ever ask for more?"
  • [02:04] "And to the road ahead"
  • [02:09] "Into a life I can't ignore"
  • [02:16] "(Lose her) how could I love again?"
  • [02:21] "(Move on) how can I walk this path for sure?"
  • [02:31] "(Lose her) with no more time to spend"
  • [02:36] "(Move on) I know the answer more and more"
  • [02:43] "As long as I can"
  • [02:48] "Long as I can"
  • [02:52] "Spend some time alone"
  • [02:57] "As long as I can"
  • [03:02] "Long as I can"
  • [03:06] "Be the man I am"
  • [03:49] "Oh, life is strange"
  • [03:53] "For one more hour"
  • [04:00] "I can rage"
  • [04:03] "For one more hour"
  • [04:48] "As long as I can (lose her)"
  • [04:53] "As long as I can (move on)"
  • [04:56] "Spend some time alone"
  • [05:02] "As long as I can (lose her)"
  • [05:07] "As long as I can (move on)"
  • [05:10] "Remember who I am"
  • [05:16] "As long as I can (lose her)"
  • [05:21] "As long as I can (move on)"
  • [05:25] "Spend some time alone"
  • [05:30] "As long as I can"
  • [05:35] "As long as I can (how could I love again?)"
  • [05:39] "Be the man I am"
  • [06:00] "Just a minute, fella, right before you go out there"
  • [06:05] "All your voices said you wouldn't last a minute bare"
  • [06:10] "One more hour and you'll know your life is one to share"
  • [06:14] "Just a minute, baby, right before we go from here"
  • [06:19] "All those people said we wouldn't last a minute near"
  • [06:24] "I'm with you and I could roll into another year"
  • [06:29] "Just a minute, fella, right before you go out there"
  • [06:33] "All your voices said you wouldn't last a minute, bare"
  • [06:38] "One more hour and you'll know your life is one to share"
  • [06:43] "Just a minute, baby, right before we go from here"
  • [06:48] "All those people said they wouldn't last a minute near"
  • [06:52] "I'm with you and I could roll into another year"
  • [06:57] "Just a minute fella right before you go out there"
--------------------------------------------------------------------------------

[2026-09-23 15:48:33]
Música:  One More Hour
Artista: Tame Impala
Idioma:  EN
Versos sem tradução: 61 de 61 vocais
Trechos:
  • [00:02] "Just a moment"
  • [00:06] "Right before all the song and dance"
  • [00:15] "Wasn't brave enough to tell you"
  • [00:20] "But there ain't gonna be another chance"
  • [00:27] "It's not long until"
  • [00:32] "All that I have"
  • [00:34] "And everything's still"
  • [00:41] "The minutes are racin'"
  • [00:48] "Whatever I've done"
  • [00:53] "I did it for love"
  • [00:57] "I did it for fun"
  • [01:02] "Couldn't get enough"
  • [01:07] "I did it for fame"
  • [01:12] "But never for money"
  • [01:17] "Not for houses"
  • [01:22] "Not for her"
  • [01:25] "Not for my future children"
  • [01:33] "Until now"
  • [01:50] "How could I love again?"
  • [01:54] "How could I ever ask for more?"
  • [02:04] "And to the road ahead"
  • [02:09] "Into a life I can't ignore"
  • [02:16] "(Lose her) how could I love again?"
  • [02:21] "(Move on) how can I walk this path for sure?"
  • [02:31] "(Lose her) with no more time to spend"
  • [02:36] "(Move on) I know the answer more and more"
  • [02:43] "As long as I can"
  • [02:48] "Long as I can"
  • [02:52] "Spend some time alone"
  • [02:57] "As long as I can"
  • [03:02] "Long as I can"
  • [03:06] "Be the man I am"
  • [03:49] "Oh, life is strange"
  • [03:53] "For one more hour"
  • [04:00] "I can rage"
  • [04:03] "For one more hour"
  • [04:48] "As long as I can (lose her)"
  • [04:53] "As long as I can (move on)"
  • [04:56] "Spend some time alone"
  • [05:02] "As long as I can (lose her)"
  • [05:07] "As long as I can (move on)"
  • [05:10] "Remember who I am"
  • [05:16] "As long as I can (lose her)"
  • [05:21] "As long as I can (move on)"
  • [05:25] "Spend some time alone"
  • [05:30] "As long as I can"
  • [05:35] "As long as I can (how could I love again?)"
  • [05:39] "Be the man I am"
  • [06:00] "Just a minute, fella, right before you go out there"
  • [06:05] "All your voices said you wouldn't last a minute bare"
  • [06:10] "One more hour and you'll know your life is one to share"
  • [06:14] "Just a minute, baby, right before we go from here"
  • [06:19] "All those people said we wouldn't last a minute near"
  • [06:24] "I'm with you and I could roll into another year"
  • [06:29] "Just a minute, fella, right before you go out there"
  • [06:33] "All your voices said you wouldn't last a minute, bare"
  • [06:38] "One more hour and you'll know your life is one to share"
  • [06:43] "Just a minute, baby, right before we go from here"
  • [06:48] "All those people said they wouldn't last a minute near"
  • [06:52] "I'm with you and I could roll into another year"
  • [06:57] "Just a minute fella right before you go out there"
--------------------------------------------------------------------------------

[2026-09-23 16:34:16]
Música:  Lonely Day
Artista: System Of A Down
Idioma:  EN
Versos sem tradução: 23 de 23 vocais
Trechos:
  • [00:13] "Such a lonely day"
  • [00:16] "And it's mine"
  • [00:19] "The most loneliest day of my life"
  • [00:26] "Such a lonely day"
  • [00:29] "Should be banned"
  • [00:32] "It's a day that I can't stand"
  • [00:39] "The most loneliest day of my life"
  • [00:45] "The most loneliest day of my life"
  • [00:51] "Such a lonely day"
  • [00:54] "Shouldn't exist"
  • [00:58] "It's a day that I'll never miss"
  • [01:04] "Such a lonely day"
  • [01:07] "And it's mine"
  • [01:10] "The most loneliest day of my life"
  • [01:16] "And if you go, I wanna go with you"
  • [01:23] "And if you die, I wanna die with you"
  • [01:29] "Take your hand and walk away"
  • [02:01] "The most loneliest day of my life"
  • [02:07] "The most loneliest day of my life"
  • [02:13] "The most loneliest day of my life (life)"
  • [02:25] "Such a lonely day"
  • [02:29] "And it's mine"
  • [02:32] "It's a day that I'm glad I survived"
--------------------------------------------------------------------------------

[2026-09-24 12:18:01]
Música:  Hummingbird
Artista: Metro Boomin e James Blake
Idioma:  EN
Versos sem tradução: 66 de 66 vocais
Trechos:
  • [00:17] "(Metro)"
  • [00:21] "(Ayy, lil' Metro on that beat)"
  • [00:23] "Hummingbird, summer song"
  • [00:26] "Has it brought my life back?"
  • [00:29] "Hangin' in the balance"
  • [00:32] "Have you brought the light back?"
  • [00:35] "Pen pal on a night shift"
  • [00:37] "She's who I get away with"
  • [00:41] "Realising she might"
  • [00:43] "Be all I need in this life"
  • [00:46] "When I saw a cold snap"
  • [00:49] "I wasn't with the season"
  • [00:52] "Tag was on the ankle"
  • [00:55] "And outside, there was a ceiling"
  • [00:58] "In here, paper walls are pushing back on you like"
  • [01:04] "Eventually you push through"
  • [01:07] "The moment that you realise"
  • [01:10] "And hummingbird"
  • [01:12] "I know that's our time (that's our time)"
  • [01:15] "But stay on"
  • [01:18] "Stay on, stay on with me"
  • [01:22] "And hummingbird"
  • [01:24] "I can never unsee"
  • [01:27] "What you've shown me"
  • [01:29] "Stay on, stay on with me"
  • [01:33] "Hummingbird, summer song"
  • [01:36] "Has it brought my life back?"
  • [01:40] "Hangin' in the balance"
  • [01:42] "Have you brought the light back?"
  • [01:45] "Pen pal on a night shift"
  • [01:48] "She's who I get away with"
  • [01:51] "Realising she might"
  • [01:54] "Be all I need in this life"
  • [01:57] "The moment when you realise"
  • [02:00] "There's someone there that needs you"
  • [02:03] "Lap band on the feelings"
  • [02:06] "I tax them for no reason"
  • [02:09] "I added love 'cause love is unconditional"
  • [02:13] "I count on love, I count on love"
  • [02:16] "'Cause love is unconditional within reason"
  • [02:20] "And hummingbird (hummingbird)"
  • [02:23] "I know that's our time (I know that's our time)"
  • [02:26] "But stay on (stay, stay on)"
  • [02:28] "Stay on, stay on with me"
  • [02:32] "And hummingbird (hummingbird)"
  • [02:34] "I can never unsee (never)"
  • [02:37] "What you've shown me"
  • [02:40] "Stay on, stay on with me"
  • [02:45] "Would I sign up again?"
  • [02:51] "Would I sign up again?"
  • [02:57] "And the night was so strong"
  • [03:00] "Forget the time like life is long"
  • [03:03] "Wings beating a thousand strong"
  • [03:09] "Would I sign up again?"
  • [03:15] "Would I sign up again?"
  • [03:20] "And the night was so strong"
  • [03:23] "Forget the time like life is long"
  • [03:28] "Unconditional within reason"
  • [03:31] "And hummingbird (hummingbird)"
  • [03:34] "I know that's our time (I know that's our time)"
  • [03:37] "But stay on (stay, stay on)"
  • [03:39] "Stay on, stay on with me (stay on, stay)"
  • [03:43] "And hummingbird (hummingbird)"
  • [03:45] "I can never unsee (I can never)"
  • [03:48] "What you've shown me (you, you, you)"
  • [03:51] "Stay on, stay on"
--------------------------------------------------------------------------------

[2026-09-24 15:03:07]
Música:  Runaway
Artista: Kanye West
Idioma:  EN
Versos sem tradução: 87 de 87 vocais
Trechos:
  • [00:40] "Look at ya, look at ya, look at ya, look at ya"
  • [00:44] "Look at ya, look at ya, look at ya, look at ya"
  • [00:51] "Look at ya, look at ya, look at ya, look at ya"
  • [00:56] "Look at ya (ladies and gentlemen), look at ya, look at ya, look at ya (ladies, ladies, and gentlemen)"
  • [01:02] "And I always find, yeah, I always find something wrong"
  • [01:08] "You been puttin' up with my shit just way too long"
  • [01:13] "I'm so gifted at finding what I don't like the most"
  • [01:18] "So, I think it's time (so, I think it's time) for us to have a toast"
  • [01:22] "Let's have a toast for the douchebags"
  • [01:25] "Let's have a toast for the assholes"
  • [01:28] "Let's have a toast for the scumbags"
  • [01:31] "Every one of them that I know"
  • [01:33] "Let's have a toast for the jerk-offs"
  • [01:36] "That'll never take work off"
  • [01:39] "Baby, I got a plan"
  • [01:41] "Run away fast as you can"
  • [01:44] "She find pictures in my email"
  • [01:47] "I sent this bitch a picture of my dick"
  • [01:50] "I don't know what it is with females"
  • [01:53] "But I'm not too good at that shit"
  • [01:56] "See, I could have me a good girl"
  • [01:58] "And still be addicted to them hoodrats"
  • [02:01] "And I just blame everything on you"
  • [02:03] "At least you know that's what I'm good at"
  • [02:07] "And I always find, yeah, I always find"
  • [02:09] "Yeah, I always find something wrong"
  • [02:14] "You been puttin' up with my shit just way too long"
  • [02:19] "I'm so gifted at finding what I don't like the most"
  • [02:25] "So, I think it's time (so, I think it's time) for us to have a toast"
  • [02:29] "Let's have a toast for the douchebags"
  • [02:31] "Let's have a toast for the assholes"
  • [02:34] "Let's have a toast for the scumbags"
  • [02:37] "Every one of them that I know"
  • [02:40] "Let's have a toast for the jerk-offs"
  • [02:43] "That'll never take work off"
  • [02:45] "Baby, I got a plan"
  • [02:47] "Run away fast as you can"
  • [02:51] "Run away from me, baby"
  • [02:54] "Ah, run away"
  • [02:56] "Run away from me, baby (look at ya, look at ya, look at ya)"
  • [03:00] "Run away"
  • [03:02] "When it starts to get crazy (look at ya, look at ya, look at ya)"
  • [03:05] "Then run away"
  • [03:07] "Babe, I got a plan, run away as fast as you can"
  • [03:13] "Run away from me, baby"
  • [03:17] "Run away"
  • [03:18] "Run away from me, baby (look at, look at, look at, look at, look at, look at, look at ya)"
  • [03:22] "Run away"
  • [03:24] "When it starts to get crazy (look at ya, look at ya, look at ya, look at ya)"
  • [03:26] "Why can't she just run away?"
  • [03:29] "Baby, I got a plan"
  • [03:31] "Run away as fast as you can (look at ya, look at ya, look at ya)"
  • [03:34] "24-7, 365, pussy stays on my mind"
  • [03:39] "I-I-I, I did it, alright, alright, I admit it (look at ya, look at ya, look at ya, look at ya)"
  • [03:42] "Now pick your next move, you could leave or live with it (look at ya, look at ya, look at ya, look at ya)"
  • [03:45] "Ichabod Crane with that motherfuckin' top off"
  • [03:48] "Split and go where? Back to wearing knockoffs?"
  • [03:50] "Haha, knock it off, Neimans, shop it off"
  • [03:53] "Let's talk over mai tais, waitress, top it off (look at ya)"
  • [03:56] "Hoes like vultures, wanna fly in your Freddy loafers"
  • [03:59] "You can't blame 'em, they ain't never seen Versace sofas (look at ya, look at ya, look at ya, look at ya)"
  • [04:02] "Every bag, every blouse, every bracelet"
  • [04:05] "Comes with a price tag, baby, face it (look at ya, look at ya, look at ya, look at ya)"
  • [04:07] "You should leave if you can't accept the basics"
  • [04:10] "Plenty hoes in the baller-nigga matrix"
  • [04:13] "Invisibly set, the Rolex is faceless"
  • [04:16] "I'm just young, rich, and tasteless, P"
  • [04:19] "Never was much of a romantic"
  • [04:22] "I could never take the intimacy"
  • [04:25] "And I know I did damage"
  • [04:27] "'Cause the look in your eyes is killing me"
  • [04:30] "I guess you knew of that advantage"
  • [04:32] "'Cause you could blame me for everything"
  • [04:36] "And I don't know how I'ma manage"
  • [04:38] "If one day, you just up and leave"
  • [04:43] "And I always find, yeah, I always find something wrong"
  • [04:48] "You been puttin' up with my shit just way too long"
  • [04:53] "I'm so gifted at finding what I don't like the most"
  • [04:59] "So, I think it's time (so, I think it's time) for us to have a toast"
  • [05:03] "Let's have a toast for the douchebags"
  • [05:06] "Let's have a toast for the assholes"
  • [05:09] "Let's have a toast for the scumbags"
  • [05:12] "Every one of them that I know"
  • [05:14] "Let's have a toast for the jerk-offs"
  • [05:17] "That'll never take work off"
  • [05:19] "Baby, I got a plan"
  • [05:22] "Run away fast as you can"
--------------------------------------------------------------------------------

[2026-09-24 15:03:16]
Música:  A Place for My Head
Artista: Linkin Park
Idioma:  EN
Versos sem tradução: 62 de 62 vocais
Trechos:
  • [00:28] "I watch how the moon sits in the sky in the dark night"
  • [00:30] "Shining with the light from the sun"
  • [00:32] "And sun doesn't give light to the moon assuming"
  • [00:34] "The moon's gonna owe it one"
  • [00:36] "It makes me think of how you act for me"
  • [00:37] "You do favors then rapidly"
  • [00:39] "You just turn around and start askin' me about"
  • [00:41] "Things that you want back from me"
  • [00:43] "I'm sick of the tension, sick of the hunger"
  • [00:45] "Sick of you acting like I owe you this"
  • [00:46] "Find another place to feed your greed"
  • [00:48] "While I find a place to rest"
  • [00:50] "I wanna be in another place"
  • [00:53] "I hate when you say you don't understand"
  • [00:56] "(You'll see it's not meant to be)"
  • [00:57] "I wanna be in the energy, not with the enemy"
  • [01:02] "A place for my head"
  • [01:04] "Maybe some day I'll be just like you"
  • [01:06] "And step on people like you do"
  • [01:08] "And run away all the people I thought I knew"
  • [01:10] "I remember back then who you were"
  • [01:11] "You used to be calm, used to be strong"
  • [01:13] "Used to be generous, you should have known"
  • [01:15] "That you'd wear out your welcome and now you see"
  • [01:17] "How quiet it is all alone"
  • [01:18] "I'm so sick of the tension, sick of the hunger"
  • [01:21] "Sick of you acting like I owe you this"
  • [01:22] "Find another place to feed your greed"
  • [01:24] "While I find a place to rest"
  • [01:26] "I'm so sick of the tension, sick of the hunger"
  • [01:28] "Sick of you acting like I owe you this"
  • [01:30] "Find another place to feed your greed"
  • [01:31] "While I find a place to rest"
  • [01:33] "I wanna be in another place"
  • [01:36] "I hate when you say you don't understand"
  • [01:40] "(You'll see it's not meant to be)"
  • [01:41] "I wanna be in the energy, not with the enemy"
  • [01:45] "A place for my head"
  • [01:48] "You try to take the best of me, go away"
  • [01:51] "You try to take the best of me, go away"
  • [01:55] "You try to take the best of me, go away"
  • [01:59] "You try to take the best of me, go away"
  • [02:02] "You try to take the best of me, go away"
  • [02:06] "You try to take the best of me, go away"
  • [02:09] "You try to take the best of me, go away"
  • [02:13] "You try to take the best of me, go away"
  • [02:17] "I wanna be in another place"
  • [02:19] "I hate when you say you don't understand"
  • [02:23] "(You'll see it's not meant to be)"
  • [02:24] "I wanna be in the energy, not with the enemy"
  • [02:28] "A place for my head"
  • [02:34] "Stay away"
  • [02:45] "I am so sick of the tension"
  • [02:46] "Sick of the hunger"
  • [02:47] "Sick of you acting like I owe you this"
  • [02:49] "Find another place to feed your greed"
  • [02:51] "While I find a place to rest"
  • [02:52] "I'm so sick of the tension"
  • [02:53] "Sick of the hunger"
  • [02:54] "Sick of you acting like I owe you this"
  • [02:56] "Find another place to feed your greed"
  • [02:58] "While I find a place to rest"
--------------------------------------------------------------------------------

[2026-09-24 15:06:21]
Música:  Hero
Artista: Skillet
Idioma:  EN
Versos sem tradução: 63 de 63 vocais
Trechos:
  • [00:22] "I'm just a step away, I'm just a breath away"
  • [00:25] "Losin' my faith today"
  • [00:27] "We're fallin' off the edge today"
  • [00:29] "I am just a man, not superhuman"
  • [00:32] "I'm not superhuman"
  • [00:33] "Someone save me from the hate"
  • [00:35] "It's just another war"
  • [00:38] "Just another family torn"
  • [00:40] "We're falling from my faith today"
  • [00:42] "Just a step on the edge"
  • [00:45] "Just another day in the world we live"
  • [00:48] "I need a hero to save me now"
  • [00:52] "I need a hero"
  • [00:54] "To save me now"
  • [00:55] "I need a hero to save my life"
  • [00:59] "A hero will save me"
  • [01:01] "Just in time"
  • [01:02] "I've gotta fight today to live another day"
  • [01:06] "Speakin' my mind today"
  • [01:07] "My voice will be heard today"
  • [01:09] "I've gotta make a stand, but I am just a man"
  • [01:12] "I'm not superhuman"
  • [01:14] "My voice will be heard today"
  • [01:16] "It's just another war"
  • [01:19] "Just another family torn"
  • [01:21] "My voice will be heard today"
  • [01:23] "It's just another kill"
  • [01:26] "The countdown begins to destroy ourselves"
  • [01:29] "I need a hero to save me now"
  • [01:33] "I need a hero"
  • [01:34] "To save me now"
  • [01:35] "I need a hero to save my life"
  • [01:39] "A hero will save me"
  • [01:41] "Just in time"
  • [01:42] "I need a hero to save my life"
  • [01:46] "I need a hero just in time"
  • [01:50] "Save me just in time"
  • [01:54] "Save me just in time"
  • [01:56] "Who's gonna fight for what's right, who's gonna help us survive?"
  • [02:00] "We're in the fight of our lives"
  • [02:02] "And we're not ready to die"
  • [02:03] "Who's gonna fight for the weak, who's gonna make 'em believe?"
  • [02:07] "I've got a hero"
  • [02:08] "I've got a hero"
  • [02:09] "Livin' in me"
  • [02:10] "I've gotta fight for what's right, today I'm speakin' my mind"
  • [02:13] "And if it kills me tonight"
  • [02:15] "I will be ready to die"
  • [02:16] "A hero's not afraid to give his life"
  • [02:20] "A hero's gonna save me just in time"
  • [02:26] "I need a hero to save me now"
  • [02:30] "I need a hero"
  • [02:32] "To save me now"
  • [02:33] "I need a hero to save my life"
  • [02:37] "A hero will save me"
  • [02:39] "Just in time"
  • [02:40] "I need a hero"
  • [02:41] "Who's gonna fight for what's right, who's gonna help us survive?"
  • [02:46] "I need a hero"
  • [02:47] "Who's gonna fight for the weak, who's gonna make 'em believe?"
  • [02:51] "I need a hero"
  • [02:54] "I need a hero"
  • [02:59] "A hero's gonna save me just in time"
--------------------------------------------------------------------------------

[2026-09-24 15:09:29]
Música:  Aishite Aishite Aishite
Artista: Ado
Idioma:  EN
Versos sem tradução: 27 de 27 vocais
Trechos:
  • [00:22] "はるか遠い遠い昔 巻かれた首輪"
  • [00:28] "人が欲しい人が欲しいと叫ぶ 呪いの首輪"
  • [00:34] "怒らないで見捨てないで どこもいかないで（ねえ）"
  • [00:40] "強く絞める吐くまで絞める 人がいないいないと"
  • [00:47] "いい成績でしょ ねえ ねえ いい子でしょ"
  • [00:53] "かわいい子でしょ ねえ ねえ 良い子でしょう 苦しい ねえ"
  • [01:03] "愛して 愛して 愛して"
  • [01:07] "もっともっと 愛して 愛して"
  • [01:12] "狂おしいほどに"
  • [01:15] "苦しい 苦しい 呪縛を 解いて解いて ねえ"
  • [01:24] "止められない 嗚呼"
  • [01:59] "身体 身体 大きくなっても小さい首輪"
  • [02:05] "苦しくなる足りなくなる 人が 人が 足りない"
  • [02:12] "クラスの誰にも負けない キレイないい子でしょう（ねえ）"
  • [02:18] "あの子よりもどの子よりも 誰も彼も私を見てよ"
  • [02:24] "体育館裏 あなたに告白を"
  • [02:30] "嘘みたいでしょ あなたが好きなの 汚いあなたが"
  • [02:40] "愛して 愛して 愛して 全部あげる"
  • [02:46] "あなたに あなたに 全部背負ってもらうよ"
  • [02:52] "足りない あなたが 足りない 離さないよ"
  • [02:58] "嗚呼 ごめんなさい"
  • [03:05] "愛して 愛して 愛して"
  • [03:09] "もっともっと 愛して 愛して"
  • [03:14] "狂おしいほどに"
  • [03:17] "苦しい 離さない 苦しい"
  • [03:22] "もっともっと ねえ 幸せなの 嗚呼"
  • [03:52] "幸せなの 嗚呼"
--------------------------------------------------------------------------------

[2026-09-24 16:04:05]
Música:  Duality
Artista: Slipknot
Idioma:  EN
Versos sem tradução: 48 de 48 vocais
Trechos:
  • [00:00] "I push my fingers into my eyes"
  • [00:05] "It's the only thing that slowly stops the ache"
  • [00:12] "But it's made of all the things I have to take"
  • [00:18] "Jesus, it never ends, it works its way inside"
  • [00:26] "If the pain goes on"
  • [00:53] "I have screamed until my veins collapsed"
  • [00:55] "I've waited as my time's elapsed"
  • [00:56] "Now, all I do is live with so much fate"
  • [01:00] "I've wished for this, I've bitched at that"
  • [01:01] "I've left behind this little fact"
  • [01:03] "You cannot kill what you did not create"
  • [01:06] "I've gotta say what I've gotta say"
  • [01:08] "And then, I swear, I'll go away"
  • [01:10] "But I can't promise you'll enjoy the noise"
  • [01:13] "I guess I'll save the best for last"
  • [01:14] "My future seems like one big past"
  • [01:16] "You're left with me 'cause you left me no choice"
  • [01:21] "I push my fingers into my eyes"
  • [01:26] "It's the only thing that slowly stops the ache"
  • [01:32] "If the pain goes on"
  • [01:34] "I'm not gonna make it"
  • [01:43] "Put me back together"
  • [01:44] "Or separate the skin from bone"
  • [01:46] "Leave me all the pieces"
  • [01:48] "Then you can leave me alone"
  • [01:49] "Tell me the reality is better than the dream"
  • [01:52] "But I found out the hard way"
  • [01:54] "Nothing is what it seems"
  • [01:57] "I push my fingers into my eyes"
  • [02:02] "It's the only thing that slowly stops the ache"
  • [02:08] "But it's made of all the things I have to take"
  • [02:15] "Jesus, it never ends, it works its way inside"
  • [02:22] "If the pain goes on, I'm not gonna make it"
  • [02:37] "All I've got, all I've got is insane"
  • [02:42] "All I've got, all I've got is insane"
  • [02:47] "All I've got, all I've got is insane"
  • [02:52] "All I've got, all I've got is insane"
  • [02:57] "All I've got, all I've got is insane"
  • [03:02] "All I've got, all I've got is insane"
  • [03:10] "I push my fingers into my eyes"
  • [03:16] "It's the only thing that slowly stops the ache"
  • [03:23] "But it's made of all the things I have to take"
  • [03:29] "Jesus, it never ends, it works its way inside"
  • [03:36] "If the pain goes on, I'm not gonna make it"
  • [03:52] "All I've got, all I've got is insane"
  • [03:57] "All I've got, all I've got is insane"
  • [04:02] "All I've got, all I've got is insane"
  • [04:07] "All I've got, all I've got is insane"
--------------------------------------------------------------------------------

[2026-09-24 16:08:18]
Música:  This Cocaine Makes Me Feel Like I'm On This Song
Artista: System Of A Down
Idioma:  EN
Versos sem tradução: 53 de 53 vocais
Trechos:
  • [00:35] "There's nothing wrong with me"
  • [00:36] "There's something wrong with you"
  • [00:36] "There's something wrong with me"
  • [00:37] "I hope your stepson doesn't eat the fish"
  • [00:39] "When we're crying for our next fix"
  • [00:41] "There's nothing wrong with me"
  • [00:42] "There's something wrong with you"
  • [00:43] "There's something wrong with me"
  • [00:44] "I hope your stepson doesn't eat the fish"
  • [00:45] "When we're crying for our next fix"
  • [00:48] "Killers never hurt feelings"
  • [00:49] "Killers never hurt feelings"
  • [00:50] "Killers never hurt feelings"
  • [00:52] "Gonorrhea, gorgonzola"
  • [00:53] "Gonorrhea, gorgonzola"
  • [00:54] "Single files of clean feedings"
  • [00:57] "I can't see your soul, soul through your eyes"
  • [00:59] "The crying walls of sliding architecture"
  • [01:01] "Kidnapped by the likes of pure conjecture"
  • [01:06] "Upholstery loving men all dwelling in the wells"
  • [01:11] "Kidnapped by the likes of pure conjecture"
  • [01:15] "Killers never hurt feelings"
  • [01:16] "Killers never hurt feelings"
  • [01:17] "Killers never hurt feelings"
  • [01:19] "Gonorrhea, gorgonzola"
  • [01:21] "Gonorrhea, gorgonzola"
  • [01:22] "Single files of clean feedings"
  • [01:24] "There's nothing wrong with me"
  • [01:25] "There's something wrong with you"
  • [01:26] "Wrong with you and I when we're crying for our next fix"
  • [01:31] "There's nothing wrong with me"
  • [01:32] "There's something wrong with you"
  • [01:33] "Wrong with you and I when we're crying for our next fix"
  • [01:38] "Killers never hurt feelings"
  • [01:39] "Killers never hurt feelings"
  • [01:40] "Killers never hurt feelings"
  • [01:42] "Gonorrhea, gorgonzola"
  • [01:43] "Gonorrhea, gorgonzola"
  • [01:45] "Single files of clean feedings"
  • [01:46] "Single files of clean feedings"
  • [01:47] "There's nothing wrong with me"
  • [01:48] "There's something wrong with you"
  • [01:49] "There's something wrong with me"
  • [01:50] "I hope your stepson doesn't eat the fish"
  • [01:52] "There's nothing wrong with me"
  • [01:54] "There's something wrong with you"
  • [01:56] "There's nothing wrong with me"
  • [01:57] "There's something wrong with you"
  • [01:58] "There's something wrong with me"
  • [01:59] "I hope your stepson doesn't eat the fish"
  • [02:01] "There's nothing wrong with me"
  • [02:03] "There's something wrong with you"
  • [02:05] "Don't eat the fish"
--------------------------------------------------------------------------------

[2026-09-24 16:10:25]
Música:  Tiramisu
Artista: Don Toliver
Idioma:  EN
Versos sem tradução: 24 de 24 vocais
Trechos:
  • [00:08] "Yeah, call me when you need it late at night, you know I'm slidin'"
  • [00:16] "I heard you been dreamin' 'bout me lately, girl, I'm ridin'"
  • [00:23] "Tell me that you think about me 'cause you're on my mind, bae"
  • [00:31] "You ain't gotta check your watch, you know I'm on that time, bae"
  • [00:36] "Let's keep it cool and break it down"
  • [00:39] "Break it like some sticky glue"
  • [00:41] "If you bring your friend, then I'll bring two"
  • [00:45] "Pussy taste sweet like it's tiramisu"
  • [00:49] "You got me doin' the most, she jumpin' a rope to go get it"
  • [00:53] "My hands all over her throat, she steady taking off my fitted"
  • [00:57] "This shit right here pain, she squirting you thought that it rained"
  • [01:00] "The tens in the back let it bang, she eating the might get a ring"
  • [01:04] "I'm so in here down to get it, I'm soiled here down in her kitty"
  • [01:08] "I buy you a sig get wit it, in my city this shit get wiggy"
  • [01:11] "I know that it's been a lil' minute, but I'm down, I'm still down to get it"
  • [01:15] "It's whatever, lil' niggaa, I'm lit, yeah, I'm down, I'm still down to get it"
  • [01:20] "Yeah, call me when you need it late at night, you know I'm slidin'"
  • [01:28] "I heard you been dreamin' 'bout me lately, girl, I'm ridin'"
  • [01:35] "Tell me that you think about me 'cause you're on my mind, bae"
  • [01:43] "You ain't gotta check your watch, you know I'm on that time, bae"
  • [01:48] "Let's keep it cool and break it down"
  • [01:51] "Break it like some sticky glue"
  • [01:54] "If you bring your friend, then I'll bring two"
  • [01:57] "Pussy taste sweet like it's tiramisu"
--------------------------------------------------------------------------------

[2026-09-25 13:33:39]
Música:  FEAR.
Artista: Kendrick Lamar
Idioma:  EN
Versos sem tradução: 145 de 145 vocais
Trechos:
  • [00:09] "(I don't think I can find a way to make it on this earth)"
  • [00:13] "What's up family, yeah it's yo cousin Carl man, just given' you a call man"
  • [00:17] "I know you been havin' a lot on yo mind lately"
  • [00:20] "And I know you feel like ya know people ain't been prayin' for you"
  • [00:22] "But you have to understand this man, that we are a cursed people"
  • [00:26] "Deuteronomy 28:28 says"
  • [00:29] ""The Lord shall smite thee with madness, and blindness"
  • [00:32] "And astonishment of heart.""
  • [00:33] "See family that's why you feel like"
  • [00:35] "You feel like you got a chip on your shoulder"
  • [00:37] "Until you finally get the memo, you will always feel that way"
  • [00:38] "Why God, why God do I gotta suffer?"
  • [00:40] "Pain in my heart carry burdens full of struggle"
  • [00:44] "Why God, why God do I gotta bleed?"
  • [00:47] "Every stone thrown at you restin' at my feet"
  • [00:50] "Why God, why God do I gotta suffer?"
  • [00:53] "Earth is no more, why don't you burn this mufucka?"
  • [00:57] "(I don't think I can find a way to make it on this earth)"
  • [01:26] "I beat yo' ass, keep talkin' back"
  • [01:27] "I beat yo' ass, who bought you that?"
  • [01:29] "You stole it, I beat yo' ass if you say that game is broken"
  • [01:32] "I beat yo' ass if you jump on my couch"
  • [01:34] "I beat yo' ass if you walk in this house with tears in your eyes"
  • [01:37] "Runnin' from poopoo and 'prentice"
  • [01:39] "Go back outside, I beat yo' ass, lil nigga"
  • [01:41] "That homework better be finished, I beat yo' ass"
  • [01:44] "Yo' teachers better not be bitchin' 'bout you in class"
  • [01:46] "That pizza better not be wasted, you eat it all"
  • [01:48] "That TV better not be loud if you got it on"
  • [01:51] "Them Jordans better not get dirty when I just bought 'em"
  • [01:53] "Better not hear 'bout you humpin' on Keisha's daughter"
  • [01:56] "Better not hear you got caught up, I beat yo' ass"
  • [01:58] "You better not run to your father, I beat yo' ass"
  • [02:00] "You know my patience runnin' thin"
  • [02:02] "I got beaucoup payments to make"
  • [02:04] "County building's on my ass"
  • [02:05] "Tryna take my food stamps away"
  • [02:07] "I beat yo' ass if you tell them social workers he live here"
  • [02:10] "I beat yo' ass if I beat yo' ass twice and you still here"
  • [02:13] "Seven years old, think you run this house by yourself?"
  • [02:16] "Nigga, you gon' fear me if you don't fear no one else"
  • [02:20] "If I can smoke fear away, I roll that motherfucker up"
  • [02:25] "And then I take two puffs"
  • [02:29] "I'm high now, I'm high now"
  • [02:32] "I'm high now, I'm high now"
  • [02:36] "Life's a bitch, pull them panties to the side now"
  • [02:39] "(I don't think I can find a way to make it on this earth)"
  • [02:43] "I'll prolly die anonymous"
  • [02:44] "I'll prolly die with promises"
  • [02:46] "I'll prolly die walkin' back home from the candy house"
  • [02:48] "I'll prolly die 'cause these colors are standin' out"
  • [02:52] "I'll prolly die because I ain't know Demarcus was snitchin'"
  • [02:55] "I'll prolly die at these house parties, fuckin' with bitches"
  • [02:58] "I'll prolly die from witnesses leavin' me false accused"
  • [03:01] "I'll prolly die from thinkin' that me and your hood was cool"
  • [03:05] "Or maybe die from pressin' the line, actin' too extra"
  • [03:08] "Or maybe die because these smokers"
  • [03:10] "Are more than desperate"
  • [03:11] "I'll prolly die from one of these bats and blue badges"
  • [03:14] "Body slammed on black and white paint, my bones snappin'"
  • [03:17] "Or maybe die from panic or die from bein' too lax"
  • [03:20] "Or die from waitin' on it, die 'cause I'm movin' too fast"
  • [03:24] "I'll prolly die tryna buy weed at the apartments"
  • [03:27] "I'll prolly die tryna diffuse two homies arguin'"
  • [03:30] "I'll prolly die 'cause that's what you do when you're 17"
  • [03:33] "All worries in a hurry, I wish I controlled things"
  • [03:37] "If I could smoke fear away, I'd roll that mothafucka up"
  • [03:41] "And then I'd take two puffs"
  • [03:44] "I've been hungry all my life"
  • [03:46] "I'm high now, I'm high now"
  • [03:49] "I'm high now, I'm high now"
  • [03:52] "Life's a bitch, pull them panties to the side now, now"
  • [04:02] "When I was 27, I grew accustomed to more fear"
  • [04:05] "Accumulated 10 times over throughout the years"
  • [04:09] "My newfound life made all of me magnified"
  • [04:12] "How many accolades do I need to block denial?"
  • [04:15] "The shock value of my success put bolts in me"
  • [04:18] "All this money, is God playin' a joke on me?"
  • [04:21] "Is it for the moment and will he see me as Job?"
  • [04:24] "Take it from me and leave me worse than I was before?"
  • [04:28] "At 27, my biggest fear was losin' it all"
  • [04:31] "Scared to spend money, had me sleepin' from hall to hall"
  • [04:34] "Scared to go back to Section 8 with my mama stressin'"
  • [04:37] "30 shows a month and I still won't buy me no Lexus"
  • [04:41] "What is an advisor somebody that's holdin' my checks?"
  • [04:44] "Just to fuck me over and put my finances in debt?"
  • [04:47] "I read a case about Rihanna's accountant and wondered"
  • [04:50] "How did the bad girl feel when she looked at them numbers?"
  • [04:53] "The type of shit'll make me flip out"
  • [04:56] "And just kill somethin', drill somethin'"
  • [04:57] "Get ill and fill ratchets with a lil' somethin'"
  • [05:00] "I practiced runnin' from fear, guess I had some good luck"
  • [05:03] "At 27 years old, my biggest fear was bein' judged"
  • [05:06] "How they look at me reflect on myself, my family, my city"
  • [05:09] "What they say 'bout me reveal"
  • [05:11] "If my reputation would miss me"
  • [05:12] "What they see from me"
  • [05:14] "Would trickle down generations in time"
  • [05:16] "What they hear from me"
  • [05:17] "Would make 'em highlight my simplest lines"
  • [05:19] "I'm talkin' fear, fear of losin' creativity"
  • [05:22] "I'm talkin' fear, fear of missin' out on you and me"
  • [05:25] "I'm talkin' fear, fear of losin' loyalty from pride"
  • [05:28] "'cause my DNA won't let me involve in the light of God"
  • [05:32] "I'm talkin' fear, fear that my humbleness is gone"
  • [05:35] "I'm talkin' fear, fear that love ain't livin' here no more"
  • [05:38] "I'm talkin' fear, fear that it's wickedness or weakness"
  • [05:41] "Fear, whatever it is, both is distinctive"
  • [05:44] "Fear, what happens on Earth stays on Earth"
  • [05:48] "And I can't take these feelings"
  • [05:49] "With me so hopefully they disperse"
  • [05:51] "Within fourteen tracks, carried out over wax"
  • [05:54] "Searchin' for resolutions until somebody get back"
  • [05:57] "Fear, what happens on earth stays on earth"
  • [06:00] "And I can't take these feelings with me"
  • [06:02] "So hopefully they disperse"
  • [06:04] "Within fourteen tracks, carried out over wax"
  • [06:07] "Wonderin' if I'm livin' through fear or livin' through rap"
  • [06:10] "Damn"
  • [06:11] "Goddamn you"
  • [06:14] "Goddamn me"
  • [06:17] "Goddamn us"
  • [06:20] "Goddamn we"
  • [06:23] "Goddamn us all"
  • [06:29] "Verse two says you only have I known of all the families of the earth"
  • [06:34] "Therefore I will punish you for all your iniquities"
  • [06:38] "So until we come back to these commandments"
  • [06:41] "Until you come back to these commandments"
  • [06:43] "We're gonna be in this place, we're gonna be under this curse"
  • [06:45] "Because he said he's gonna punish us"
  • [06:48] "The so-called Blacks, Hispanics, and Native American Indians"
  • [06:52] "Are the true children of Israel"
  • [06:56] "We are the Israelites according to the Bible"
  • [06:58] "The children of Israel, he's gonna punish us for our iniquities"
  • [07:02] "For our disobedience because we chose to follow other gods"
  • [07:06] "That aren't his son, so the Lord thy God chasten you"
  • [07:11] "So just like you'll chasten your own son"
  • [07:13] "He's gonna chasten you because he loves you"
  • [07:16] "So that's why we get chastised, that's why we're in the position we're in"
  • [07:21] "Until we come back to these laws, statutes and commandments"
  • [07:24] "And do what the Lord said, these curses are gonna be upon us"
  • [07:28] "We're gonna be at a lower state in this life that we live here in today"
  • [07:33] "In the United States of America"
  • [07:35] "I love you, son, and I pray for you"
  • [07:38] "God bless you, shalom"
--------------------------------------------------------------------------------

[2026-09-25 13:34:52]
Música:  FEAR.
Artista: Kendrick Lamar
Idioma:  PT
Versos sem tradução: 145 de 145 vocais
Trechos:
  • [00:09] "(I don't think I can find a way to make it on this earth)"
  • [00:13] "What's up family, yeah it's yo cousin Carl man, just given' you a call man"
  • [00:17] "I know you been havin' a lot on yo mind lately"
  • [00:20] "And I know you feel like ya know people ain't been prayin' for you"
  • [00:22] "But you have to understand this man, that we are a cursed people"
  • [00:26] "Deuteronomy 28:28 says"
  • [00:29] ""The Lord shall smite thee with madness, and blindness"
  • [00:32] "And astonishment of heart.""
  • [00:33] "See family that's why you feel like"
  • [00:35] "You feel like you got a chip on your shoulder"
  • [00:37] "Until you finally get the memo, you will always feel that way"
  • [00:38] "Why God, why God do I gotta suffer?"
  • [00:40] "Pain in my heart carry burdens full of struggle"
  • [00:44] "Why God, why God do I gotta bleed?"
  • [00:47] "Every stone thrown at you restin' at my feet"
  • [00:50] "Why God, why God do I gotta suffer?"
  • [00:53] "Earth is no more, why don't you burn this mufucka?"
  • [00:57] "(I don't think I can find a way to make it on this earth)"
  • [01:26] "I beat yo' ass, keep talkin' back"
  • [01:27] "I beat yo' ass, who bought you that?"
  • [01:29] "You stole it, I beat yo' ass if you say that game is broken"
  • [01:32] "I beat yo' ass if you jump on my couch"
  • [01:34] "I beat yo' ass if you walk in this house with tears in your eyes"
  • [01:37] "Runnin' from poopoo and 'prentice"
  • [01:39] "Go back outside, I beat yo' ass, lil nigga"
  • [01:41] "That homework better be finished, I beat yo' ass"
  • [01:44] "Yo' teachers better not be bitchin' 'bout you in class"
  • [01:46] "That pizza better not be wasted, you eat it all"
  • [01:48] "That TV better not be loud if you got it on"
  • [01:51] "Them Jordans better not get dirty when I just bought 'em"
  • [01:53] "Better not hear 'bout you humpin' on Keisha's daughter"
  • [01:56] "Better not hear you got caught up, I beat yo' ass"
  • [01:58] "You better not run to your father, I beat yo' ass"
  • [02:00] "You know my patience runnin' thin"
  • [02:02] "I got beaucoup payments to make"
  • [02:04] "County building's on my ass"
  • [02:05] "Tryna take my food stamps away"
  • [02:07] "I beat yo' ass if you tell them social workers he live here"
  • [02:10] "I beat yo' ass if I beat yo' ass twice and you still here"
  • [02:13] "Seven years old, think you run this house by yourself?"
  • [02:16] "Nigga, you gon' fear me if you don't fear no one else"
  • [02:20] "If I can smoke fear away, I roll that motherfucker up"
  • [02:25] "And then I take two puffs"
  • [02:29] "I'm high now, I'm high now"
  • [02:32] "I'm high now, I'm high now"
  • [02:36] "Life's a bitch, pull them panties to the side now"
  • [02:39] "(I don't think I can find a way to make it on this earth)"
  • [02:43] "I'll prolly die anonymous"
  • [02:44] "I'll prolly die with promises"
  • [02:46] "I'll prolly die walkin' back home from the candy house"
  • [02:48] "I'll prolly die 'cause these colors are standin' out"
  • [02:52] "I'll prolly die because I ain't know Demarcus was snitchin'"
  • [02:55] "I'll prolly die at these house parties, fuckin' with bitches"
  • [02:58] "I'll prolly die from witnesses leavin' me false accused"
  • [03:01] "I'll prolly die from thinkin' that me and your hood was cool"
  • [03:05] "Or maybe die from pressin' the line, actin' too extra"
  • [03:08] "Or maybe die because these smokers"
  • [03:10] "Are more than desperate"
  • [03:11] "I'll prolly die from one of these bats and blue badges"
  • [03:14] "Body slammed on black and white paint, my bones snappin'"
  • [03:17] "Or maybe die from panic or die from bein' too lax"
  • [03:20] "Or die from waitin' on it, die 'cause I'm movin' too fast"
  • [03:24] "I'll prolly die tryna buy weed at the apartments"
  • [03:27] "I'll prolly die tryna diffuse two homies arguin'"
  • [03:30] "I'll prolly die 'cause that's what you do when you're 17"
  • [03:33] "All worries in a hurry, I wish I controlled things"
  • [03:37] "If I could smoke fear away, I'd roll that mothafucka up"
  • [03:41] "And then I'd take two puffs"
  • [03:44] "I've been hungry all my life"
  • [03:46] "I'm high now, I'm high now"
  • [03:49] "I'm high now, I'm high now"
  • [03:52] "Life's a bitch, pull them panties to the side now, now"
  • [04:02] "When I was 27, I grew accustomed to more fear"
  • [04:05] "Accumulated 10 times over throughout the years"
  • [04:09] "My newfound life made all of me magnified"
  • [04:12] "How many accolades do I need to block denial?"
  • [04:15] "The shock value of my success put bolts in me"
  • [04:18] "All this money, is God playin' a joke on me?"
  • [04:21] "Is it for the moment and will he see me as Job?"
  • [04:24] "Take it from me and leave me worse than I was before?"
  • [04:28] "At 27, my biggest fear was losin' it all"
  • [04:31] "Scared to spend money, had me sleepin' from hall to hall"
  • [04:34] "Scared to go back to Section 8 with my mama stressin'"
  • [04:37] "30 shows a month and I still won't buy me no Lexus"
  • [04:41] "What is an advisor somebody that's holdin' my checks?"
  • [04:44] "Just to fuck me over and put my finances in debt?"
  • [04:47] "I read a case about Rihanna's accountant and wondered"
  • [04:50] "How did the bad girl feel when she looked at them numbers?"
  • [04:53] "The type of shit'll make me flip out"
  • [04:56] "And just kill somethin', drill somethin'"
  • [04:57] "Get ill and fill ratchets with a lil' somethin'"
  • [05:00] "I practiced runnin' from fear, guess I had some good luck"
  • [05:03] "At 27 years old, my biggest fear was bein' judged"
  • [05:06] "How they look at me reflect on myself, my family, my city"
  • [05:09] "What they say 'bout me reveal"
  • [05:11] "If my reputation would miss me"
  • [05:12] "What they see from me"
  • [05:14] "Would trickle down generations in time"
  • [05:16] "What they hear from me"
  • [05:17] "Would make 'em highlight my simplest lines"
  • [05:19] "I'm talkin' fear, fear of losin' creativity"
  • [05:22] "I'm talkin' fear, fear of missin' out on you and me"
  • [05:25] "I'm talkin' fear, fear of losin' loyalty from pride"
  • [05:28] "'cause my DNA won't let me involve in the light of God"
  • [05:32] "I'm talkin' fear, fear that my humbleness is gone"
  • [05:35] "I'm talkin' fear, fear that love ain't livin' here no more"
  • [05:38] "I'm talkin' fear, fear that it's wickedness or weakness"
  • [05:41] "Fear, whatever it is, both is distinctive"
  • [05:44] "Fear, what happens on Earth stays on Earth"
  • [05:48] "And I can't take these feelings"
  • [05:49] "With me so hopefully they disperse"
  • [05:51] "Within fourteen tracks, carried out over wax"
  • [05:54] "Searchin' for resolutions until somebody get back"
  • [05:57] "Fear, what happens on earth stays on earth"
  • [06:00] "And I can't take these feelings with me"
  • [06:02] "So hopefully they disperse"
  • [06:04] "Within fourteen tracks, carried out over wax"
  • [06:07] "Wonderin' if I'm livin' through fear or livin' through rap"
  • [06:10] "Damn"
  • [06:11] "Goddamn you"
  • [06:14] "Goddamn me"
  • [06:17] "Goddamn us"
  • [06:20] "Goddamn we"
  • [06:23] "Goddamn us all"
  • [06:29] "Verse two says you only have I known of all the families of the earth"
  • [06:34] "Therefore I will punish you for all your iniquities"
  • [06:38] "So until we come back to these commandments"
  • [06:41] "Until you come back to these commandments"
  • [06:43] "We're gonna be in this place, we're gonna be under this curse"
  • [06:45] "Because he said he's gonna punish us"
  • [06:48] "The so-called Blacks, Hispanics, and Native American Indians"
  • [06:52] "Are the true children of Israel"
  • [06:56] "We are the Israelites according to the Bible"
  • [06:58] "The children of Israel, he's gonna punish us for our iniquities"
  • [07:02] "For our disobedience because we chose to follow other gods"
  • [07:06] "That aren't his son, so the Lord thy God chasten you"
  • [07:11] "So just like you'll chasten your own son"
  • [07:13] "He's gonna chasten you because he loves you"
  • [07:16] "So that's why we get chastised, that's why we're in the position we're in"
  • [07:21] "Until we come back to these laws, statutes and commandments"
  • [07:24] "And do what the Lord said, these curses are gonna be upon us"
  • [07:28] "We're gonna be at a lower state in this life that we live here in today"
  • [07:33] "In the United States of America"
  • [07:35] "I love you, son, and I pray for you"
  • [07:38] "God bless you, shalom"
--------------------------------------------------------------------------------

[2026-09-25 13:41:36]
Música:  Cut the Bridge
Artista: Linkin Park
Idioma:  PT
Versos sem tradução: 51 de 51 vocais
Trechos:
  • [00:27] "You're too ignorant to fail, I can't look you in the eye"
  • [00:30] "And I can't even tell if you've been tellin' me a lie"
  • [00:33] "Every time you start, it's like the fourth day of July"
  • [00:37] "Reckless like you're makin' rockets just to blow up in the sky"
  • [00:40] "Feelin' like it's chemical, all under my skin like it's medical"
  • [00:44] "Stuck on repetitions that are only hypothetical"
  • [00:47] "Actin' like the truth and your opinion are identical"
  • [00:50] "And I can't seem to let it go"
  • [00:52] "Everything was perfect, always made me nervous"
  • [00:58] "Knowin' you would burn it just to watch it burn"
  • [01:05] "Cut the bridge we're on"
  • [01:10] "Cut it down, cut it down, down, cut it, cut it down"
  • [01:12] "Goin' 'til it's gone"
  • [01:16] "Cut it down, cut it down, down, cut it, cut it down"
  • [01:19] "Sabotage it all just to watch it fall"
  • [01:26] "Cut the bridge we're on"
  • [01:29] "Cut it down, cut it down, down, cut it, cut it down"
  • [01:31] "I'm too gullible to win, I don't have a way to choose"
  • [01:34] "Grew up thinkin' tryin' meant you never really lose"
  • [01:38] "Didn't put the powder in the keg, and when it blew"
  • [01:41] "I was sittin' on the dynamite for you to light the fuse"
  • [01:44] "Oh, lookin' like a criminal, sneakin' in the dark, you're invisible"
  • [01:48] "Hidden, you're wrapped around my neck just like a tentacle"
  • [01:51] "Actin' like the truth and your opinion are identical"
  • [01:54] "And I can't seem to let it go"
  • [01:56] "Everything was perfect, always made me nervous"
  • [02:02] "Knowin' you would burn it just to watch it burn"
  • [02:10] "Cut the bridge we're on"
  • [02:14] "Cut it down, cut it down, down, cut it, cut it down"
  • [02:16] "Goin' 'til it's gone"
  • [02:20] "Cut it down, cut it down, down, cut it, cut it down"
  • [02:23] "Sabotage it all just to watch it fall"
  • [02:29] "Cut the bridge we're on"
  • [02:33] "Cut it down, cut it down, down, cut it, cut it down"
  • [02:36] "Somethin' in my head feels broken"
  • [02:39] "I'm the gas from a burner left open"
  • [02:42] "I'm a tightrope held up by a clothespin"
  • [02:45] "Holdin' out, but the pressure keeps growin'"
  • [02:49] "Wanna go to the light and not the shadow"
  • [02:52] "But the branch isn't shiny as the arrow"
  • [02:55] "You don't ever find a way around a battle"
  • [02:58] "You will always choose just to watch it burn"
  • [03:07] "Just to watch it burn"
  • [03:14] "Cut the bridge we're on"
  • [03:17] "Cut it down, cut it down, down, cut it, cut it down"
  • [03:20] "Goin' 'til it's gone"
  • [03:24] "Cut it down, cut it down, down, cut it, cut it down"
  • [03:27] "Sabotage it all just to watch it fall"
  • [03:33] "Cut the bridge we're on"
  • [03:37] "Cut it down, cut it down, down, cut it, cut it down"
  • [03:43] "Cut it down, cut it down, down, cut it, cut it down"
--------------------------------------------------------------------------------

[2026-09-25 13:45:25]
Música:  Those Nights
Artista: Skillet
Idioma:  PT
Versos sem tradução: 59 de 59 vocais
Trechos:
  • [00:14] "I remember when"
  • [00:17] "We used to laugh"
  • [00:20] "About nothing at all"
  • [00:22] "It was better than going mad"
  • [00:25] "From trying to solve all the problems we're going through"
  • [00:28] "Forget 'em all"
  • [00:30] "'Cause all those nights we would stand and never fall"
  • [00:35] "Together we faced it all"
  • [00:39] "Remember when we'd"
  • [00:41] "Stay up late and we'd talk all night"
  • [00:44] "In a dark room lit by the tv light"
  • [00:47] "Through all the hard times in my life"
  • [00:50] "Those nights kept me alive"
  • [00:53] "We'd listen to the radio play all night"
  • [00:55] "Didn't want to go home to another fight"
  • [00:58] "Through all the hard times in my life"
  • [01:01] "Those nights kept me alive"
  • [01:10] "I remember when"
  • [01:12] "We used to drive"
  • [01:15] "Anywhere but here"
  • [01:17] "As long as we'd forget our lives"
  • [01:20] "We were so young and confused that we didn't know"
  • [01:23] "To laugh or cry"
  • [01:25] "Those nights were ours"
  • [01:27] "They will live and never die"
  • [01:30] "Together we'd stand forever"
  • [01:35] "Remember when we'd"
  • [01:37] "Stay up late and we'd talk all night"
  • [01:39] "In a dark room lit by the tv light"
  • [01:42] "Through all the hard times in my life"
  • [01:45] "Those nights kept me alive"
  • [01:48] "We'd listen to the radio play all night"
  • [01:50] "Didn't want to go home to another fight"
  • [01:53] "Through all the hard times in my life"
  • [01:56] "Those nights kept me alive"
  • [02:01] "Those nights belong to us"
  • [02:07] "There's nothing wrong with us"
  • [02:12] "Those nights belong to us"
  • [02:21] "I remember when"
  • [02:24] "We used to laugh"
  • [02:26] "And now I wish those nights would last"
  • [02:44] "Stay up late and we'd talk all night"
  • [02:47] "In a dark room lit by the tv light"
  • [02:50] "Through all the hard times in my life"
  • [02:53] "Those nights kept me alive"
  • [02:55] "We'd listen to the radio play all night"
  • [02:58] "Didn't want to go home to another fight"
  • [03:01] "Through all the hard times in my life"
  • [03:04] "Those nights kept me alive"
  • [03:06] "Stay up late and we'd talk all night"
  • [03:09] "In a dark room lit by the tv light"
  • [03:12] "Through all the hard times in my life"
  • [03:15] "Those nights kept me alive"
  • [03:17] "We'd listen to the radio play all night"
  • [03:20] "Didn't want to go home to another fight"
  • [03:23] "Through all the hard times in my life"
  • [03:26] "Those nights kept me alive"
  • [03:31] "Those nights belong to us"
  • [03:36] "There's nothing wrong"
--------------------------------------------------------------------------------

[2026-09-25 13:53:58]
Música:  The Devil in I
Artista: Slipknot
Idioma:  PT
Versos sem tradução: 37 de 37 vocais
Trechos:
  • [01:07] "Undo these chains, my friend"
  • [01:12] "I'll show you the rage I've hidden"
  • [01:18] "Perish the sacrament"
  • [01:23] "Swallow, but nothing's forgiven"
  • [01:28] "You and I can't decide which of us was taken for granted"
  • [01:39] "Make amends, some of us are destined to be outlived"
  • [01:48] "Step inside, see the devil in I"
  • [01:53] "Too many times we've let it come to this"
  • [01:58] "Step inside, see the devil in I"
  • [02:03] "You'll realize I'm not your devil anymore"
  • [02:21] "Under the words of men"
  • [02:26] "Something is tempting the father"
  • [02:32] "Where is your will, my friend?"
  • [02:37] "Insatiates never even bother"
  • [02:42] "You and I, wrong or right"
  • [02:47] "Traded a lie for the leverage"
  • [02:52] "In between the lens in light"
  • [02:57] "You're not what you seem"
  • [03:01] "Step inside, see the devil in I"
  • [03:06] "Too many times, we've let it come to this"
  • [03:12] "Step inside, see the devil in I"
  • [03:17] "You'll realize I'm not your devil"
  • [03:26] "I'm not your devil anymore"
  • [03:33] "Your station is abandoned"
  • [03:36] "Fooled you 'cause I know what you've done"
  • [03:39] "Sensation, depravation"
  • [03:41] "You should've burned when you turned on everyone"
  • [04:07] "So step inside, see the devil in I"
  • [04:12] "Too many times we've let it come to this"
  • [04:17] "Step inside, see the devil in I"
  • [04:22] "I know you'll find your answers in the end"
  • [04:28] "Step inside, see the devil in I"
  • [04:33] "You'll realize I'm not your devil anymore"
  • [04:48] "So step inside"
  • [04:51] "Step inside"
  • [04:53] "See the devil in I"
  • [04:56] "See the devil in I"
--------------------------------------------------------------------------------

[2026-09-25 14:28:36]
Música:  Odo
Artista: Ado
Idioma:  PT
Versos sem tradução: 46 de 46 vocais
Trechos:
  • [00:00] "半端なら KO ふわふわ したいならどうぞ"
  • [00:06] "開演準備しちゃおうか"
  • [00:08] "泣いても 笑っても 愛してね"
  • [00:11] "ほら say "no" 低音響かせろ (Giga, TeddyLoid)"
  • [00:19] "なんだかなってつまんないこともあるでしょう"
  • [00:23] "ロンリー論理のノート ハンディー本気脱走"
  • [00:27] "やんなっちゃって泥に bad ご法度だろうが溺れて堕ちて"
  • [00:33] "そろそろいっか"
  • [00:34] "もっと頑張って アガるまでもっと頑張って"
  • [00:38] "繋がろうひとりよりふたり 増えたら安心 心配ないや"
  • [00:42] "Alright 任せて don't mind"
  • [00:43] "波あり難題 みんなで乗っかっちゃえば"
  • [00:46] "案外さくっと行っちゃいそう"
  • [00:48] "半端なら KO ふわふわ したいならどうぞ"
  • [00:55] "開演準備しちゃおうか"
  • [00:57] "泣いても 笑っても 愛してね"
  • [01:00] "ほら say "no" 低音響かせろ"
  • [01:10] "Yeah 今宵は暗転パーティー"
  • [01:12] "Woah, woah"
  • [01:16] "踊りだせ 踊りだせ"
  • [01:18] "孤独は殺菌 満員御礼"
  • [01:19] "Woah, woah"
  • [01:23] "痛みまで おシェアで"
  • [01:25] "ここらでバイバイ let's go"
  • [01:43] "どんな劣等感だとて 即興の血小板で"
  • [01:48] "抑え込んで 突っ込んで 仕舞っちゃうでしょ ah, yeah"
  • [01:51] "Up and down なテンション (uh)"
  • [01:53] "ねえまいっちゃってんの相当 (yeah)"
  • [01:55] "ドバっと噴き出すのは 本音の独り言"
  • [02:00] "「別に興味ない」「特に関係ない」"
  • [02:03] "塞ぎ込んで 舌鋒絶頂へ"
  • [02:06] "合図を奏でて prr-prr-prr, yeah"
  • [02:11] "ほら集まって夜行だ yeah-yeah 鳴いていこう"
  • [02:43] "半端なら KO"
  • [02:49] "Yeah, yeah, yeah, yeah, yeah"
  • [02:52] "Woah, woah"
  • [02:55] "踊りだせ 踊りだせ"
  • [02:56] "孤独は殺菌 満員御礼"
  • [02:59] "Woah, woah"
  • [03:02] "痛みまで おシェアで"
  • [03:04] "今宵も暗転パーティーだ"
  • [03:06] "Woah, woah"
  • [03:10] "またのお越しを きっと"
  • [03:14] "Woah, woah"
  • [03:17] "次回までお元気で"
  • [03:19] "ここらでバイバイ let go"
--------------------------------------------------------------------------------

[2026-09-25 14:28:57]
Música:  Odo
Artista: Ado
Idioma:  EN
Versos sem tradução: 46 de 46 vocais
Trechos:
  • [00:00] "半端なら KO ふわふわ したいならどうぞ"
  • [00:06] "開演準備しちゃおうか"
  • [00:08] "泣いても 笑っても 愛してね"
  • [00:11] "ほら say "no" 低音響かせろ (Giga, TeddyLoid)"
  • [00:19] "なんだかなってつまんないこともあるでしょう"
  • [00:23] "ロンリー論理のノート ハンディー本気脱走"
  • [00:27] "やんなっちゃって泥に bad ご法度だろうが溺れて堕ちて"
  • [00:33] "そろそろいっか"
  • [00:34] "もっと頑張って アガるまでもっと頑張って"
  • [00:38] "繋がろうひとりよりふたり 増えたら安心 心配ないや"
  • [00:42] "Alright 任せて don't mind"
  • [00:43] "波あり難題 みんなで乗っかっちゃえば"
  • [00:46] "案外さくっと行っちゃいそう"
  • [00:48] "半端なら KO ふわふわ したいならどうぞ"
  • [00:55] "開演準備しちゃおうか"
  • [00:57] "泣いても 笑っても 愛してね"
  • [01:00] "ほら say "no" 低音響かせろ"
  • [01:10] "Yeah 今宵は暗転パーティー"
  • [01:12] "Woah, woah"
  • [01:16] "踊りだせ 踊りだせ"
  • [01:18] "孤独は殺菌 満員御礼"
  • [01:19] "Woah, woah"
  • [01:23] "痛みまで おシェアで"
  • [01:25] "ここらでバイバイ let's go"
  • [01:43] "どんな劣等感だとて 即興の血小板で"
  • [01:48] "抑え込んで 突っ込んで 仕舞っちゃうでしょ ah, yeah"
  • [01:51] "Up and down なテンション (uh)"
  • [01:53] "ねえまいっちゃってんの相当 (yeah)"
  • [01:55] "ドバっと噴き出すのは 本音の独り言"
  • [02:00] "「別に興味ない」「特に関係ない」"
  • [02:03] "塞ぎ込んで 舌鋒絶頂へ"
  • [02:06] "合図を奏でて prr-prr-prr, yeah"
  • [02:11] "ほら集まって夜行だ yeah-yeah 鳴いていこう"
  • [02:43] "半端なら KO"
  • [02:49] "Yeah, yeah, yeah, yeah, yeah"
  • [02:52] "Woah, woah"
  • [02:55] "踊りだせ 踊りだせ"
  • [02:56] "孤独は殺菌 満員御礼"
  • [02:59] "Woah, woah"
  • [03:02] "痛みまで おシェアで"
  • [03:04] "今宵も暗転パーティーだ"
  • [03:06] "Woah, woah"
  • [03:10] "またのお越しを きっと"
  • [03:14] "Woah, woah"
  • [03:17] "次回までお元気で"
  • [03:19] "ここらでバイバイ let go"
--------------------------------------------------------------------------------

[2026-09-25 15:32:35]
Música:  500 Miles (2004 Remaster)
Artista: Peter, Paul and Mary
Idioma:  PT
Versos sem tradução: 24 de 24 vocais
Trechos:
  • [00:19] "If you miss the train I'm on"
  • [00:24] "You will know that I am gone"
  • [00:28] "You can hear the whistle blow"
  • [00:33] "A hundred miles"
  • [00:38] "A hundred miles, a hundred miles"
  • [00:43] "A hundred miles, a hundred miles"
  • [00:48] "You can hear the whistle blow"
  • [00:53] "A hundred miles"
  • [00:58] "Lord, I'm one, Lord, I'm two"
  • [01:03] "Lord, I'm three (Lord), Lord, I'm four"
  • [01:08] "Lord, I'm 500 miles from my home"
  • [01:17] "500 miles, 500 miles"
  • [01:22] "500 miles, 500 miles"
  • [01:27] "Lord, I'm 500 miles from my home"
  • [01:37] "Not a shirt on my back"
  • [01:42] "Not a penny to my name"
  • [01:47] "Lord, I can't go home this a-way"
  • [01:57] "This a-way, this a-way"
  • [02:02] "This a-way, this a-way"
  • [02:07] "Lord, I can't go home this a-way"
  • [02:17] "If you miss the train I'm on"
  • [02:22] "You will know that I am gone"
  • [02:27] "You can hear the whistle blow"
  • [02:31] "A hundred miles"
--------------------------------------------------------------------------------

[2026-09-25 15:49:13]
Música:  Lemon Tree
Artista: Peter , Paul and Mary
Idioma:  PT
Versos sem tradução: 24 de 24 vocais
Trechos:
  • [00:06] "When I was just a lad of ten, my father said to me"
  • [00:12] ""Come here and take a lesson from the lovely lemon tree""
  • [00:17] ""Don't put your faith in love, my boy" my father said to me"
  • [00:23] ""I fear you'll find that love is like the lovely lemon tree""
  • [00:30] "Lemon tree, very pretty, and the lemon flower is sweet"
  • [00:37] "But the fruit of the poor lemon is impossible to eat"
  • [00:42] "Lemon tree, very pretty, and the lemon flower is sweet"
  • [00:48] "But the fruit of the poor lemon is impossible to eat"
  • [00:55] "One day beneath the lemon tree, my love and I did lie"
  • [01:01] "A girl so sweet that when she smiled, the stars rose in the sky"
  • [01:07] "We passed that summer lost in love, beneath the lemon tree"
  • [01:13] "The music of her laughter hid my father's words from me"
  • [01:20] "Lemon tree, very pretty, and the lemon flower is sweet"
  • [01:27] "But the fruit of the poor lemon is impossible to eat"
  • [01:33] "Lemon tree, very pretty, and the lemon flower is sweet"
  • [01:39] "But the fruit of the poor lemon is impossible to eat"
  • [01:46] "One day she left without a word, she took away the sun"
  • [01:52] "And in the dark she left behind, I knew what she had done"
  • [01:58] "She left me for another, it's a common tale but true"
  • [02:04] "A sadder man, but wiser now, I sing these words to you"
  • [02:11] "Lemon tree, very pretty, and the lemon flower is sweet"
  • [02:19] "But the fruit of the poor lemon is impossible to eat"
  • [02:25] "Lemon tree, very pretty, and the lemon flower is sweet"
  • [02:31] "But the fruit of the poor lemon is impossible to eat"
--------------------------------------------------------------------------------

[2026-09-25 16:34:50]
Música:  Mam'selle
Artista: The Pied Pipers
Idioma:  PT
Versos sem tradução: 19 de 19 vocais
Trechos:
  • [00:10] "A small cafe, mademoiselle"
  • [00:17] "A rendezvous, mademoiselle"
  • [00:24] "The violins were warm and sweet"
  • [00:31] "And so were you, mademoiselle"
  • [00:38] "And as the night danced by"
  • [00:45] "A kiss became a sigh"
  • [00:52] "Your lovely eyes seem to sparkle just like wine does"
  • [01:00] "No heart ever yearned the way that mine does for you"
  • [01:13] "And yet I know too well"
  • [01:20] "Someday you'll say goodbye"
  • [01:27] "Then violins will cry"
  • [01:33] "And so will I, mademoiselle"
  • [01:41] "Your lovely eyes seem to sparkle just like wine does"
  • [02:11] "No heart ever yearned the way that mine does for you"
  • [02:22] "And yet I know too well"
  • [02:31] "Someday you'll say goodbye"
  • [02:38] "Then violins will cry"
  • [02:44] "And so will I, mademoiselle"
  • [02:55] "Mademoiselle"
--------------------------------------------------------------------------------

[2026-09-25 16:46:06]
Música:  Time in a Bottle
Artista: Jim Croce
Idioma:  PT
Versos sem tradução: 20 de 20 vocais
Trechos:
  • [00:11] "If I could save time in a bottle"
  • [00:16] "The first thing that I'd like to do"
  • [00:21] "Is to save every day 'til eternity passes away"
  • [00:27] "Just to spend them with you"
  • [00:32] "If I could make days last forever"
  • [00:37] "If words could make wishes come true"
  • [00:42] "I'd save every day like a treasure, and then"
  • [00:47] "Again, I would spend them with you"
  • [00:53] "There never seems to be enough time"
  • [00:55] "To do the things you want to do once you find them"
  • [01:03] "I've looked around enough to know"
  • [01:06] "That you're the one I want to go through time with"
  • [01:25] "If I had a box just for wishes"
  • [01:31] "And dreams that had never come true"
  • [01:36] "The box would be empty"
  • [01:39] "Except for the memory of how they were answered by you"
  • [01:47] "There never seems to be enough time"
  • [01:49] "To do the things you want to do once you find them"
  • [01:57] "I've looked around enough to know"
  • [02:00] "That you're the one I want to go through time with"
--------------------------------------------------------------------------------

